Timestamp,District,Substation,Transformer_ID,Load_kW,Capacity_kW,Voltage_V,Current_A,Temperature_C,Consumer_Count,Weather_Temp_C,Load_Percent
2026-06-01 00:00:00,Chennai,SS_CHEN,TR_7964,720,951,237.2,233.4,39.7,2869,37.9,75
2026-06-01 01:00:00,Chennai,SS_CHEN,TR_5618,2458,2458,229.0,161.6,81.3,1076,35.9,100
2026-06-01 02:00:00,Chennai,SS_CHEN,TR_8404,1128,1484,224.5,202.0,38.2,4362,35.7,76
2026-06-01 03:00:00,Chennai,SS_CHEN,TR_7304,2163,2206,239.4,276.5,73.9,2095,28.3,98
2026-06-01 04:00:00,Chennai,SS_CHEN,TR_5200,681,1418,223.1,230.3,72.2,2149,30.5,48
2026-06-01 05:00:00,Chennai,SS_CHEN,TR_1687,1733,2444,223.8,108.6,58.8,2613,28.9,70
2026-06-01 06:00:00,Chennai,SS_CHEN,TR_7027,1329,1759,236.7,234.1,50.6,3955,38.7,75
2026-06-01 07:00:00,Chennai,SS_CHEN,TR_9081,1596,2214,233.6,110.7,45.0,1797,25.1,72
2026-06-01 08:00:00,Chennai,SS_CHEN,TR_8081,1971,2154,234.1,251.8,57.9,2775,27.4,91
2026-06-01 09:00:00,Chennai,SS_CHEN,TR_4956,936,1766,229.4,204.4,73.2,3507,35.8,53
2026-06-01 10:00:00,Chennai,SS_CHEN,TR_5981,1481,1761,226.1,86.8,56.8,4922,31.9,84
2026-06-01 11:00:00,Chennai,SS_CHEN,TR_1312,1219,1164,221.2,141.9,49.7,1552,36.3,104
2026-06-01 12:00:00,Chennai,SS_CHEN,TR_6012,1012,1014,233.3,169.4,75.7,1945,25.4,99
2026-06-01 13:00:00,Chennai,SS_CHEN,TR_7943,555,1083,229.2,115.5,60.1,3750,27.6,51
2026-06-01 14:00:00,Chennai,SS_CHEN,TR_7266,1253,1645,227.6,146.3,66.5,3232,26.5,76
2026-06-01 15:00:00,Chennai,SS_CHEN,TR_4050,753,1415,238.2,233.9,48.3,4828,41.5,53
2026-06-01 16:00:00,Chennai,SS_CHEN,TR_8007,1186,1247,229.0,139.9,39.8,2511,32.7,95
2026-06-01 17:00:00,Chennai,SS_CHEN,TR_7493,1380,2334,231.6,118.9,77.8,1876,37.9,59
2026-06-01 18:00:00,Chennai,SS_CHEN,TR_7474,1231,1637,232.5,208.5,67.5,3329,32.1,75
2026-06-01 19:00:00,Chennai,SS_CHEN,TR_2614,451,943,226.6,111.8,40.2,2722,35.0,47
2026-06-01 20:00:00,Chennai,SS_CHEN,TR_2535,2357,2148,231.6,156.3,64.5,1826,41.3,109
2026-06-01 21:00:00,Chennai,SS_CHEN,TR_5203,660,838,221.7,187.1,59.5,4022,40.9,78
2026-06-01 22:00:00,Chennai,SS_CHEN,TR_6144,838,1073,225.3,152.9,61.0,4324,25.4,78
2026-06-01 23:00:00,Chennai,SS_CHEN,TR_1089,1589,1546,222.8,201.9,40.4,4532,36.4,102
2026-06-01 00:00:00,Chengalpattu,SS_CHEN,TR_3530,913,1002,234.5,249.1,40.4,3265,28.9,91
2026-06-01 01:00:00,Chengalpattu,SS_CHEN,TR_2271,1122,2357,227.4,262.6,75.4,2996,30.4,47
2026-06-01 02:00:00,Chengalpattu,SS_CHEN,TR_9575,747,1144,230.3,136.3,81.8,1313,25.8,65
2026-06-01 03:00:00,Chengalpattu,SS_CHEN,TR_9723,814,1079,237.8,244.7,79.5,4965,40.2,75
2026-06-01 04:00:00,Chengalpattu,SS_CHEN,TR_5669,669,997,235.4,225.6,53.7,4488,37.7,67
2026-06-01 05:00:00,Chengalpattu,SS_CHEN,TR_1047,608,960,224.8,107.0,76.6,4715,27.6,63
2026-06-01 06:00:00,Chengalpattu,SS_CHEN,TR_2613,1799,2069,237.5,123.2,50.5,4991,41.5,86
2026-06-01 07:00:00,Chengalpattu,SS_CHEN,TR_4902,1697,2121,220.3,130.5,41.6,1147,36.5,80
2026-06-01 08:00:00,Chengalpattu,SS_CHEN,TR_2096,1968,2447,233.9,207.8,45.0,4389,37.2,80
2026-06-01 09:00:00,Chengalpattu,SS_CHEN,TR_8432,2096,2167,222.5,284.1,54.9,1089,30.1,96
2026-06-01 10:00:00,Chengalpattu,SS_CHEN,TR_5396,935,1024,239.1,143.0,81.2,2746,34.4,91
2026-06-01 11:00:00,Chengalpattu,SS_CHEN,TR_8566,752,842,222.8,172.2,83.3,976,35.1,89
2026-06-01 12:00:00,Chengalpattu,SS_CHEN,TR_9396,1122,1108,229.3,252.6,35.9,3486,39.1,101
2026-06-01 13:00:00,Chengalpattu,SS_CHEN,TR_5166,992,985,230.6,213.3,78.4,1546,35.3,100
2026-06-01 14:00:00,Chengalpattu,SS_CHEN,TR_4712,919,1292,228.5,223.4,78.4,1733,29.2,71
2026-06-01 15:00:00,Chengalpattu,SS_CHEN,TR_9950,967,1571,236.3,103.2,38.3,3857,35.1,61
2026-06-01 16:00:00,Chengalpattu,SS_CHEN,TR_2315,1446,1408,226.2,111.7,81.0,3193,29.8,102
2026-06-01 17:00:00,Chengalpattu,SS_CHEN,TR_5100,602,1081,220.4,92.2,43.7,1019,25.9,55
2026-06-01 18:00:00,Chengalpattu,SS_CHEN,TR_6319,1416,1529,227.9,150.0,60.2,3812,39.5,92
2026-06-01 19:00:00,Chengalpattu,SS_CHEN,TR_5437,1098,2287,224.7,134.9,63.6,1316,32.1,48
2026-06-01 20:00:00,Chengalpattu,SS_CHEN,TR_1443,910,1279,230.5,102.4,76.7,980,40.7,71
2026-06-01 21:00:00,Chengalpattu,SS_CHEN,TR_8533,461,888,238.1,295.5,75.1,4296,38.3,51
2026-06-01 22:00:00,Chengalpattu,SS_CHEN,TR_6781,1858,1867,222.7,197.9,60.7,4851,32.9,99
2026-06-01 23:00:00,Chengalpattu,SS_CHEN,TR_7174,1624,2257,225.3,110.7,58.9,3378,32.1,71
2026-06-01 00:00:00,Kancheepuram,SS_KANC,TR_3092,1292,1827,227.3,152.0,54.0,1323,30.0,70
2026-06-01 01:00:00,Kancheepuram,SS_KANC,TR_7036,2189,1965,229.6,152.2,61.8,4623,39.4,111
2026-06-01 02:00:00,Kancheepuram,SS_KANC,TR_6872,1652,1631,230.7,219.2,49.4,1295,28.4,101
2026-06-01 03:00:00,Kancheepuram,SS_KANC,TR_5529,1918,2049,222.6,215.2,39.8,4373,37.3,93
2026-06-01 04:00:00,Kancheepuram,SS_KANC,TR_1760,1974,1787,222.7,291.0,75.0,2330,38.3,110
2026-06-01 05:00:00,Kancheepuram,SS_KANC,TR_9381,1820,1809,225.1,209.8,39.8,4757,35.5,100
2026-06-01 06:00:00,Kancheepuram,SS_KANC,TR_2541,917,1085,231.4,182.5,61.1,3774,38.6,84
2026-06-01 07:00:00,Kancheepuram,SS_KANC,TR_3121,1666,2098,238.6,106.3,40.9,3198,26.5,79
2026-06-01 08:00:00,Kancheepuram,SS_KANC,TR_6920,1210,1629,235.5,227.7,51.7,3822,38.0,74
2026-06-01 09:00:00,Kancheepuram,SS_KANC,TR_8156,1487,2327,226.3,114.7,42.4,2138,40.9,63
2026-06-01 10:00:00,Kancheepuram,SS_KANC,TR_4940,1252,1743,234.6,201.7,81.8,2123,33.1,71
2026-06-01 11:00:00,Kancheepuram,SS_KANC,TR_6866,1516,2126,234.4,289.3,40.9,4939,39.5,71
2026-06-01 12:00:00,Kancheepuram,SS_KANC,TR_6733,1227,2292,231.8,230.9,35.6,930,39.0,53
2026-06-01 13:00:00,Kancheepuram,SS_KANC,TR_9713,1032,1572,228.8,146.4,80.9,2563,38.3,65
2026-06-01 14:00:00,Kancheepuram,SS_KANC,TR_1995,1981,1726,237.6,142.5,76.8,694,42.0,114
2026-06-01 15:00:00,Kancheepuram,SS_KANC,TR_2228,897,980,221.8,277.3,36.4,3425,29.1,91
2026-06-01 16:00:00,Kancheepuram,SS_KANC,TR_2287,1560,1570,224.0,280.3,67.8,4592,25.1,99
2026-06-01 17:00:00,Kancheepuram,SS_KANC,TR_8379,418,861,236.0,132.5,77.5,3226,26.0,48
2026-06-01 18:00:00,Kancheepuram,SS_KANC,TR_8207,2129,1937,235.4,233.6,76.9,2509,28.4,109
2026-06-01 19:00:00,Kancheepuram,SS_KANC,TR_7275,466,868,234.9,218.6,77.6,2770,27.6,53
2026-06-01 20:00:00,Kancheepuram,SS_KANC,TR_7610,1276,2182,225.4,236.2,84.0,3872,25.9,58
2026-06-01 21:00:00,Kancheepuram,SS_KANC,TR_1039,1620,1839,237.7,236.1,43.7,690,26.6,88
2026-06-01 22:00:00,Kancheepuram,SS_KANC,TR_2651,2395,2109,229.2,252.5,66.8,4427,27.5,113
2026-06-01 23:00:00,Kancheepuram,SS_KANC,TR_5870,1971,1773,231.6,234.0,67.5,1856,41.0,111
2026-06-01 00:00:00,Tiruvallur,SS_TIRU,TR_2335,860,1068,228.1,184.3,41.0,4880,29.7,80
2026-06-01 01:00:00,Tiruvallur,SS_TIRU,TR_6531,681,1027,232.2,219.6,55.6,2425,31.9,66
2026-06-01 02:00:00,Tiruvallur,SS_TIRU,TR_2958,1920,2228,226.3,87.9,55.9,2647,28.8,86
2026-06-01 03:00:00,Tiruvallur,SS_TIRU,TR_4157,1366,1606,234.0,222.5,67.6,3045,30.4,85
2026-06-01 04:00:00,Tiruvallur,SS_TIRU,TR_8086,1016,1218,228.6,217.7,53.0,4827,37.5,83
2026-06-01 05:00:00,Tiruvallur,SS_TIRU,TR_2154,1788,1671,230.1,194.5,75.0,4644,30.3,107
2026-06-01 06:00:00,Tiruvallur,SS_TIRU,TR_8535,1338,1682,222.3,95.9,77.1,4198,29.8,79
2026-06-01 07:00:00,Tiruvallur,SS_TIRU,TR_5387,611,894,226.3,243.4,35.7,1278,39.1,68
2026-06-01 08:00:00,Tiruvallur,SS_TIRU,TR_8708,1421,2000,223.1,212.2,41.0,2787,41.3,71
2026-06-01 09:00:00,Tiruvallur,SS_TIRU,TR_5045,1628,1420,226.2,231.3,70.3,3974,31.6,114
2026-06-01 10:00:00,Tiruvallur,SS_TIRU,TR_6767,1085,2373,224.2,195.5,43.2,3701,39.2,45
2026-06-01 11:00:00,Tiruvallur,SS_TIRU,TR_9621,1236,1082,236.8,297.9,42.1,3001,32.6,114
2026-06-01 12:00:00,Tiruvallur,SS_TIRU,TR_4532,1129,2233,235.1,175.4,58.5,4635,28.1,50
2026-06-01 13:00:00,Tiruvallur,SS_TIRU,TR_9465,1145,1056,224.7,144.3,59.5,700,35.0,108
2026-06-01 14:00:00,Tiruvallur,SS_TIRU,TR_5439,1032,2029,224.9,265.6,66.9,3002,36.4,50
2026-06-01 15:00:00,Tiruvallur,SS_TIRU,TR_6523,1872,1903,227.3,198.7,51.9,761,39.4,98
2026-06-01 16:00:00,Tiruvallur,SS_TIRU,TR_5342,1345,1362,237.0,191.1,80.5,1872,39.5,98
2026-06-01 17:00:00,Tiruvallur,SS_TIRU,TR_6245,1237,1798,230.6,103.1,54.9,2744,40.6,68
2026-06-01 18:00:00,Tiruvallur,SS_TIRU,TR_6676,1073,1869,226.8,122.2,36.2,3235,32.6,57
2026-06-01 19:00:00,Tiruvallur,SS_TIRU,TR_2281,1580,2376,220.1,141.2,70.2,3193,35.8,66
2026-06-01 20:00:00,Tiruvallur,SS_TIRU,TR_9835,1779,2012,229.6,247.5,80.2,2817,41.4,88
2026-06-01 21:00:00,Tiruvallur,SS_TIRU,TR_5146,2019,2025,222.3,241.1,57.0,4400,34.4,99
2026-06-01 22:00:00,Tiruvallur,SS_TIRU,TR_6886,2747,2434,239.7,143.4,71.7,4866,30.9,112
2026-06-01 23:00:00,Tiruvallur,SS_TIRU,TR_3679,1113,2074,235.5,187.7,84.3,684,32.9,53
2026-06-01 00:00:00,Vellore,SS_VELL,TR_9800,997,1352,235.9,98.7,62.8,2931,40.7,73
2026-06-01 01:00:00,Vellore,SS_VELL,TR_3145,2218,2163,227.5,90.7,40.5,666,36.5,102
2026-06-01 02:00:00,Vellore,SS_VELL,TR_7418,2078,2096,237.3,242.7,75.0,2218,29.0,99
2026-06-01 03:00:00,Vellore,SS_VELL,TR_3102,781,883,220.1,193.2,68.9,4361,25.5,88
2026-06-01 04:00:00,Vellore,SS_VELL,TR_4611,2251,2091,233.4,132.3,77.6,2858,39.5,107
2026-06-01 05:00:00,Vellore,SS_VELL,TR_7386,917,1391,227.9,140.5,79.3,3156,28.2,65
2026-06-01 06:00:00,Vellore,SS_VELL,TR_1763,1346,1954,234.4,257.6,84.9,3372,31.9,68
2026-06-01 07:00:00,Vellore,SS_VELL,TR_2073,711,1303,240.0,234.2,64.8,3086,31.7,54
2026-06-01 08:00:00,Vellore,SS_VELL,TR_9236,1310,1642,222.7,160.4,38.4,2078,25.3,79
2026-06-01 09:00:00,Vellore,SS_VELL,TR_9667,877,1143,226.9,172.5,83.0,3355,37.8,76
2026-06-01 10:00:00,Vellore,SS_VELL,TR_5867,1074,1655,237.9,131.7,51.3,4508,34.0,64
2026-06-01 11:00:00,Vellore,SS_VELL,TR_2940,2273,2345,233.1,145.9,47.1,3158,30.5,96
2026-06-01 12:00:00,Vellore,SS_VELL,TR_2398,1169,1101,225.7,203.5,74.6,3132,32.5,106
2026-06-01 13:00:00,Vellore,SS_VELL,TR_9548,1670,2132,233.5,259.2,80.1,4976,38.4,78
2026-06-01 14:00:00,Vellore,SS_VELL,TR_2666,1348,1599,222.0,223.6,82.8,4007,32.4,84
2026-06-01 15:00:00,Vellore,SS_VELL,TR_9441,793,1671,222.1,89.0,47.3,4818,26.1,47
2026-06-01 16:00:00,Vellore,SS_VELL,TR_5095,2006,2473,226.3,91.2,40.6,3360,26.0,81
2026-06-01 17:00:00,Vellore,SS_VELL,TR_5043,1363,1453,226.0,166.7,55.8,1431,25.0,93
2026-06-01 18:00:00,Vellore,SS_VELL,TR_2008,1361,1292,220.0,191.8,59.5,631,32.3,105
2026-06-01 19:00:00,Vellore,SS_VELL,TR_5204,1361,1366,225.2,150.9,47.1,4285,33.2,99
2026-06-01 20:00:00,Vellore,SS_VELL,TR_7148,1382,2267,226.6,284.7,37.4,2726,37.1,60
2026-06-01 21:00:00,Vellore,SS_VELL,TR_6431,879,1583,222.8,282.1,35.5,713,28.2,55
2026-06-01 22:00:00,Vellore,SS_VELL,TR_1281,1154,2188,232.4,133.2,63.5,1538,39.4,52
2026-06-01 23:00:00,Vellore,SS_VELL,TR_3525,817,1803,232.4,115.8,73.6,4340,39.5,45
2026-06-01 00:00:00,Ranipet,SS_RANI,TR_3288,1414,1294,229.1,212.8,84.2,857,38.8,109
2026-06-01 01:00:00,Ranipet,SS_RANI,TR_5933,951,1414,232.0,127.6,55.7,4096,30.4,67
2026-06-01 02:00:00,Ranipet,SS_RANI,TR_1702,1035,2199,226.9,84.2,43.3,3466,37.0,47
2026-06-01 03:00:00,Ranipet,SS_RANI,TR_8432,1964,2032,237.8,210.6,41.3,1927,27.4,96
2026-06-01 04:00:00,Ranipet,SS_RANI,TR_7237,1107,1939,230.1,298.2,35.2,4658,41.9,57
2026-06-01 05:00:00,Ranipet,SS_RANI,TR_4493,711,828,237.9,273.7,61.8,1071,35.6,85
2026-06-01 06:00:00,Ranipet,SS_RANI,TR_3458,538,1110,231.9,144.8,68.2,4895,25.3,48
2026-06-01 07:00:00,Ranipet,SS_RANI,TR_2406,1925,2221,237.5,135.8,65.5,1540,34.4,86
2026-06-01 08:00:00,Ranipet,SS_RANI,TR_4565,1563,1692,234.5,204.7,72.9,3729,32.1,92
2026-06-01 09:00:00,Ranipet,SS_RANI,TR_9482,2002,2471,235.9,194.5,55.4,556,26.6,81
2026-06-01 10:00:00,Ranipet,SS_RANI,TR_9006,1534,2112,233.7,112.9,83.1,1694,28.4,72
2026-06-01 11:00:00,Ranipet,SS_RANI,TR_9850,1159,1103,224.2,183.4,71.7,4606,39.9,105
2026-06-01 12:00:00,Ranipet,SS_RANI,TR_4411,1541,1898,234.8,240.8,74.1,4773,26.8,81
2026-06-01 13:00:00,Ranipet,SS_RANI,TR_7294,1914,1768,236.0,102.0,45.2,4395,37.6,108
2026-06-01 14:00:00,Ranipet,SS_RANI,TR_1208,1787,1574,227.5,238.2,79.4,3329,30.4,113
2026-06-01 15:00:00,Ranipet,SS_RANI,TR_6142,1287,1470,228.2,212.4,81.8,3114,32.9,87
2026-06-01 16:00:00,Ranipet,SS_RANI,TR_2770,653,915,227.9,108.8,43.1,1885,30.8,71
2026-06-01 17:00:00,Ranipet,SS_RANI,TR_7544,2195,1963,222.0,245.8,79.1,1596,29.7,111
2026-06-01 18:00:00,Ranipet,SS_RANI,TR_2818,935,1612,230.4,183.1,48.0,1075,33.2,58
2026-06-01 19:00:00,Ranipet,SS_RANI,TR_3202,982,876,229.9,104.4,47.6,3436,30.0,112
2026-06-01 20:00:00,Ranipet,SS_RANI,TR_7882,1415,1331,238.0,296.6,84.1,2096,26.2,106
2026-06-01 21:00:00,Ranipet,SS_RANI,TR_9470,1322,2420,231.1,101.3,77.3,1870,35.5,54
2026-06-01 22:00:00,Ranipet,SS_RANI,TR_5880,839,1484,225.1,115.3,77.6,2187,37.5,56
2026-06-01 23:00:00,Ranipet,SS_RANI,TR_8630,1178,1793,228.1,247.2,73.6,2170,28.5,65
2026-06-01 00:00:00,Tirupattur,SS_TIRU,TR_9472,975,1825,237.9,102.1,48.2,1300,28.1,53
2026-06-01 01:00:00,Tirupattur,SS_TIRU,TR_1553,1655,2239,224.9,236.3,77.6,2524,39.9,73
2026-06-01 02:00:00,Tirupattur,SS_TIRU,TR_4053,1700,2070,225.0,133.9,43.1,664,40.1,82
2026-06-01 03:00:00,Tirupattur,SS_TIRU,TR_3955,2383,2398,229.8,196.5,61.8,2829,32.4,99
2026-06-01 04:00:00,Tirupattur,SS_TIRU,TR_2185,760,1414,239.0,186.0,82.7,1160,34.4,53
2026-06-01 05:00:00,Tirupattur,SS_TIRU,TR_2479,641,1078,220.6,106.2,80.8,1639,30.5,59
2026-06-01 06:00:00,Tirupattur,SS_TIRU,TR_6472,1827,2356,228.0,197.0,44.4,4278,38.9,77
2026-06-01 07:00:00,Tirupattur,SS_TIRU,TR_4337,2403,2480,223.1,282.5,52.1,2609,25.9,96
2026-06-01 08:00:00,Tirupattur,SS_TIRU,TR_4081,2398,2384,232.5,245.2,74.7,4222,40.7,100
2026-06-01 09:00:00,Tirupattur,SS_TIRU,TR_3584,877,1160,220.0,298.5,49.0,3375,26.1,75
2026-06-01 10:00:00,Tirupattur,SS_TIRU,TR_5123,796,1475,223.0,219.1,54.6,1189,30.4,53
2026-06-01 11:00:00,Tirupattur,SS_TIRU,TR_7475,2268,2367,233.2,211.9,58.6,2574,41.2,95
2026-06-01 12:00:00,Tirupattur,SS_TIRU,TR_4084,971,1693,233.6,266.1,37.0,4945,40.2,57
2026-06-01 13:00:00,Tirupattur,SS_TIRU,TR_3499,1524,1564,230.6,225.2,50.1,4963,41.1,97
2026-06-01 14:00:00,Tirupattur,SS_TIRU,TR_4296,1947,2014,228.1,203.6,71.0,3153,40.4,96
2026-06-01 15:00:00,Tirupattur,SS_TIRU,TR_2705,1237,1665,226.8,169.8,57.0,3411,27.1,74
2026-06-01 16:00:00,Tirupattur,SS_TIRU,TR_1825,2023,2206,233.1,225.8,36.0,4493,28.4,91
2026-06-01 17:00:00,Tirupattur,SS_TIRU,TR_9456,1347,1355,224.9,226.9,41.5,4372,29.7,99
2026-06-01 18:00:00,Tirupattur,SS_TIRU,TR_2247,1363,2102,233.5,280.3,45.1,4822,36.9,64
2026-06-01 19:00:00,Tirupattur,SS_TIRU,TR_6240,1922,1721,225.1,217.6,51.0,3245,41.6,111
2026-06-01 20:00:00,Tirupattur,SS_TIRU,TR_4596,1564,1683,220.5,168.0,78.8,4831,32.5,92
2026-06-01 21:00:00,Tirupattur,SS_TIRU,TR_8624,2030,1837,226.4,199.8,59.5,4342,35.7,110
2026-06-01 22:00:00,Tirupattur,SS_TIRU,TR_4006,1354,2182,238.3,283.3,77.2,4712,37.7,62
2026-06-01 23:00:00,Tirupattur,SS_TIRU,TR_3098,2425,2462,229.6,180.4,47.0,3931,36.0,98
2026-06-01 00:00:00,Tiruvannamalai,SS_TIRU,TR_3603,1183,1877,231.7,170.2,45.9,3458,39.6,63
2026-06-01 01:00:00,Tiruvannamalai,SS_TIRU,TR_4293,1240,2187,226.7,255.5,77.0,533,27.4,56
2026-06-01 02:00:00,Tiruvannamalai,SS_TIRU,TR_7968,1056,1989,227.8,299.7,44.6,4756,32.2,53
2026-06-01 03:00:00,Tiruvannamalai,SS_TIRU,TR_8898,937,1061,239.6,95.3,41.9,4698,38.4,88
2026-06-01 04:00:00,Tiruvannamalai,SS_TIRU,TR_3435,1308,1224,233.3,104.6,76.6,3090,32.2,106
2026-06-01 05:00:00,Tiruvannamalai,SS_TIRU,TR_3192,919,1099,233.7,223.6,84.6,2753,42.0,83
2026-06-01 06:00:00,Tiruvannamalai,SS_TIRU,TR_5647,441,854,234.6,294.9,50.9,1836,32.2,51
2026-06-01 07:00:00,Tiruvannamalai,SS_TIRU,TR_4318,769,1584,227.1,253.2,76.6,3525,39.0,48
2026-06-01 08:00:00,Tiruvannamalai,SS_TIRU,TR_4749,1614,2392,235.0,256.3,59.6,1498,27.4,67
2026-06-01 09:00:00,Tiruvannamalai,SS_TIRU,TR_9240,2469,2318,223.1,197.4,38.4,932,25.9,106
2026-06-01 10:00:00,Tiruvannamalai,SS_TIRU,TR_1004,895,1185,235.5,87.7,67.6,3860,27.9,75
2026-06-01 11:00:00,Tiruvannamalai,SS_TIRU,TR_1586,1215,2199,236.5,198.6,76.0,4373,26.6,55
2026-06-01 12:00:00,Tiruvannamalai,SS_TIRU,TR_4549,1468,1519,225.1,245.5,60.2,2924,32.9,96
2026-06-01 13:00:00,Tiruvannamalai,SS_TIRU,TR_4703,1468,2075,224.2,245.3,40.9,1486,26.5,70
2026-06-01 14:00:00,Tiruvannamalai,SS_TIRU,TR_2586,786,1373,236.5,167.7,84.5,4341,36.1,57
2026-06-01 15:00:00,Tiruvannamalai,SS_TIRU,TR_9260,789,1033,237.5,294.6,78.6,2268,28.3,76
2026-06-01 16:00:00,Tiruvannamalai,SS_TIRU,TR_2986,1681,1849,225.8,241.6,63.3,3856,39.1,90
2026-06-01 17:00:00,Tiruvannamalai,SS_TIRU,TR_5176,1644,1736,221.0,212.3,59.3,619,29.4,94
2026-06-01 18:00:00,Tiruvannamalai,SS_TIRU,TR_4767,1264,1290,236.5,203.5,54.3,3895,33.9,97
2026-06-01 19:00:00,Tiruvannamalai,SS_TIRU,TR_5053,844,1260,233.5,94.5,35.1,3038,28.6,66
2026-06-01 20:00:00,Tiruvannamalai,SS_TIRU,TR_9049,1638,1816,223.4,275.9,58.5,4235,40.9,90
2026-06-01 21:00:00,Tiruvannamalai,SS_TIRU,TR_4060,791,1609,231.7,123.0,69.0,1468,28.6,49
2026-06-01 22:00:00,Tiruvannamalai,SS_TIRU,TR_1892,1377,2316,228.5,118.8,41.7,3431,30.4,59
2026-06-01 23:00:00,Tiruvannamalai,SS_TIRU,TR_3198,1589,2262,227.1,138.3,65.5,748,28.5,70
2026-06-01 00:00:00,Villupuram,SS_VILL,TR_8994,2378,2161,222.0,103.6,40.8,2569,27.1,110
2026-06-01 01:00:00,Villupuram,SS_VILL,TR_9662,1939,1853,236.4,195.7,84.8,3894,25.8,104
2026-06-01 02:00:00,Villupuram,SS_VILL,TR_4610,782,1156,239.0,206.9,75.3,4662,41.6,67
2026-06-01 03:00:00,Villupuram,SS_VILL,TR_5777,870,1089,239.4,163.8,54.9,2721,34.9,79
2026-06-01 04:00:00,Villupuram,SS_VILL,TR_2152,1078,1599,223.9,102.7,78.3,639,31.1,67
2026-06-01 05:00:00,Villupuram,SS_VILL,TR_4956,1325,1801,232.7,283.9,81.6,2441,31.7,73
2026-06-01 06:00:00,Villupuram,SS_VILL,TR_3963,1618,2114,231.4,181.6,67.9,2076,30.5,76
2026-06-01 07:00:00,Villupuram,SS_VILL,TR_1634,1205,1742,221.9,116.5,71.2,2203,31.6,69
2026-06-01 08:00:00,Villupuram,SS_VILL,TR_2930,1913,2267,235.1,136.6,76.3,4867,35.2,84
2026-06-01 09:00:00,Villupuram,SS_VILL,TR_9930,2181,2376,238.9,166.3,81.2,736,34.8,91
2026-06-01 10:00:00,Villupuram,SS_VILL,TR_1041,1175,2464,233.6,203.8,36.3,2010,39.5,47
2026-06-01 11:00:00,Villupuram,SS_VILL,TR_2827,1645,2063,220.1,253.1,51.5,2595,39.9,79
2026-06-01 12:00:00,Villupuram,SS_VILL,TR_4357,2096,2480,225.4,115.3,73.7,1173,34.1,84
2026-06-01 13:00:00,Villupuram,SS_VILL,TR_1690,1850,1644,237.1,121.3,64.7,4836,39.9,112
2026-06-01 14:00:00,Villupuram,SS_VILL,TR_4369,929,1785,236.2,186.0,63.2,3371,35.3,52
2026-06-01 15:00:00,Villupuram,SS_VILL,TR_9413,1845,2469,228.4,106.0,74.7,2164,39.2,74
2026-06-01 16:00:00,Villupuram,SS_VILL,TR_3559,607,917,237.5,85.3,61.0,2779,36.7,66
2026-06-01 17:00:00,Villupuram,SS_VILL,TR_6639,896,1588,227.5,216.1,37.0,3507,32.8,56
2026-06-01 18:00:00,Villupuram,SS_VILL,TR_5699,1459,2433,222.8,121.5,52.2,1335,41.1,59
2026-06-01 19:00:00,Villupuram,SS_VILL,TR_3021,707,964,239.5,97.8,67.6,4140,39.8,73
2026-06-01 20:00:00,Villupuram,SS_VILL,TR_6707,1727,2303,228.6,87.9,61.7,2162,41.3,74
2026-06-01 21:00:00,Villupuram,SS_VILL,TR_2830,1190,2489,226.0,278.7,37.3,3676,40.9,47
2026-06-01 22:00:00,Villupuram,SS_VILL,TR_8536,1115,2095,221.2,263.6,42.8,3749,40.6,53
2026-06-01 23:00:00,Villupuram,SS_VILL,TR_7370,1447,1709,228.9,93.9,83.4,2287,30.3,84
2026-06-01 00:00:00,Kallakurichi,SS_KALL,TR_2704,1394,2145,239.3,100.7,78.4,1073,39.1,64
2026-06-01 01:00:00,Kallakurichi,SS_KALL,TR_6571,2269,2003,238.9,107.9,74.8,4289,34.3,113
2026-06-01 02:00:00,Kallakurichi,SS_KALL,TR_5890,1574,1459,239.4,235.1,59.1,2554,31.6,107
2026-06-01 03:00:00,Kallakurichi,SS_KALL,TR_2753,1107,1575,221.8,97.0,74.0,2261,32.6,70
2026-06-01 04:00:00,Kallakurichi,SS_KALL,TR_9375,991,1129,220.7,114.7,45.3,1771,28.7,87
2026-06-01 05:00:00,Kallakurichi,SS_KALL,TR_6977,1993,2458,239.5,132.0,37.5,4712,27.6,81
2026-06-01 06:00:00,Kallakurichi,SS_KALL,TR_1569,1399,2385,231.4,280.7,61.9,3470,28.4,58
2026-06-01 07:00:00,Kallakurichi,SS_KALL,TR_8766,1883,1864,237.3,288.7,52.4,3280,26.5,101
2026-06-01 08:00:00,Kallakurichi,SS_KALL,TR_3033,1211,1602,238.9,163.2,73.5,1056,28.1,75
2026-06-01 09:00:00,Kallakurichi,SS_KALL,TR_2670,1158,1718,233.5,175.6,46.4,3439,37.3,67
2026-06-01 10:00:00,Kallakurichi,SS_KALL,TR_2519,2580,2334,223.8,103.6,59.9,2889,33.6,110
2026-06-01 11:00:00,Kallakurichi,SS_KALL,TR_3491,1271,1683,229.7,185.1,56.1,4976,26.1,75
2026-06-01 12:00:00,Kallakurichi,SS_KALL,TR_6336,1247,2047,232.8,91.2,84.1,577,40.2,60
2026-06-01 13:00:00,Kallakurichi,SS_KALL,TR_7454,1250,1597,236.4,222.6,74.1,771,32.3,78
2026-06-01 14:00:00,Kallakurichi,SS_KALL,TR_6740,1652,1575,232.6,156.5,68.1,4001,41.3,104
2026-06-01 15:00:00,Kallakurichi,SS_KALL,TR_6391,1378,1942,236.2,191.3,71.8,2412,32.8,70
2026-06-01 16:00:00,Kallakurichi,SS_KALL,TR_2939,1656,1705,222.6,123.7,66.3,1010,40.2,97
2026-06-01 17:00:00,Kallakurichi,SS_KALL,TR_6068,1326,2070,239.1,114.0,44.9,998,30.0,64
2026-06-01 18:00:00,Kallakurichi,SS_KALL,TR_5763,1449,1357,235.2,235.8,43.8,3880,33.1,106
2026-06-01 19:00:00,Kallakurichi,SS_KALL,TR_4501,778,1408,226.2,108.0,62.5,1730,37.0,55
2026-06-01 20:00:00,Kallakurichi,SS_KALL,TR_1629,828,1053,235.6,244.6,75.8,1427,38.9,78
2026-06-01 21:00:00,Kallakurichi,SS_KALL,TR_4056,966,1562,223.5,182.8,54.6,2123,29.1,61
2026-06-01 22:00:00,Kallakurichi,SS_KALL,TR_7765,1571,2346,225.5,108.8,56.9,3654,31.3,66
2026-06-01 23:00:00,Kallakurichi,SS_KALL,TR_5853,808,1315,238.6,189.5,67.1,3934,39.7,61
2026-06-01 00:00:00,Cuddalore,SS_CUDD,TR_9988,1635,1860,237.8,279.9,74.6,2114,26.4,87
2026-06-01 01:00:00,Cuddalore,SS_CUDD,TR_6225,729,1583,229.9,169.6,63.4,2647,34.4,46
2026-06-01 02:00:00,Cuddalore,SS_CUDD,TR_8528,995,1892,224.5,254.5,77.4,3967,39.8,52
2026-06-01 03:00:00,Cuddalore,SS_CUDD,TR_2442,2672,2491,228.0,139.0,65.3,1914,41.0,107
2026-06-01 04:00:00,Cuddalore,SS_CUDD,TR_4101,1288,1534,225.9,117.4,44.8,3860,41.1,83
2026-06-01 05:00:00,Cuddalore,SS_CUDD,TR_1534,657,898,233.6,122.2,43.8,4253,38.8,73
2026-06-01 06:00:00,Cuddalore,SS_CUDD,TR_3382,2684,2464,222.8,229.1,75.7,2391,29.7,108
2026-06-01 07:00:00,Cuddalore,SS_CUDD,TR_6054,1349,1199,228.6,175.2,47.7,1690,38.2,112
2026-06-01 08:00:00,Cuddalore,SS_CUDD,TR_7945,1310,1834,236.7,126.9,35.2,3073,41.9,71
2026-06-01 09:00:00,Cuddalore,SS_CUDD,TR_2879,844,1770,230.4,258.2,39.5,1435,31.7,47
2026-06-01 10:00:00,Cuddalore,SS_CUDD,TR_7722,976,1375,223.8,123.0,55.5,2458,39.7,70
2026-06-01 11:00:00,Cuddalore,SS_CUDD,TR_7646,1452,1615,239.7,170.6,55.2,3606,40.7,89
2026-06-01 12:00:00,Cuddalore,SS_CUDD,TR_3212,884,921,235.1,101.5,58.4,1089,28.2,95
2026-06-01 13:00:00,Cuddalore,SS_CUDD,TR_3141,883,1140,235.9,279.7,75.1,1802,29.5,77
2026-06-01 14:00:00,Cuddalore,SS_CUDD,TR_3466,1144,1822,222.7,287.6,55.1,4684,39.4,62
2026-06-01 15:00:00,Cuddalore,SS_CUDD,TR_3302,861,1181,223.2,220.6,74.1,658,28.6,72
2026-06-01 16:00:00,Cuddalore,SS_CUDD,TR_9255,1534,1467,237.0,130.1,37.5,4362,30.2,104
2026-06-01 17:00:00,Cuddalore,SS_CUDD,TR_5838,2008,2274,222.6,251.8,81.9,3919,37.4,88
2026-06-01 18:00:00,Cuddalore,SS_CUDD,TR_4970,2613,2457,230.5,243.8,76.0,1225,29.9,106
2026-06-01 19:00:00,Cuddalore,SS_CUDD,TR_9880,1103,2073,230.1,191.2,64.1,1572,31.7,53
2026-06-01 20:00:00,Cuddalore,SS_CUDD,TR_8081,2411,2214,224.9,242.0,68.9,1638,28.2,108
2026-06-01 21:00:00,Cuddalore,SS_CUDD,TR_5083,1700,1689,234.4,281.9,84.2,4822,31.0,100
2026-06-01 22:00:00,Cuddalore,SS_CUDD,TR_6743,1097,1404,239.7,100.6,55.6,3270,29.8,78
2026-06-01 23:00:00,Cuddalore,SS_CUDD,TR_6405,2291,2288,239.6,274.4,50.1,2222,38.1,100
2026-06-01 00:00:00,Salem,SS_SALE,TR_4031,1007,1152,233.2,262.5,36.2,2549,37.1,87
2026-06-01 01:00:00,Salem,SS_SALE,TR_6448,991,1174,221.1,156.6,78.3,2730,25.5,84
2026-06-01 02:00:00,Salem,SS_SALE,TR_4567,2478,2230,221.0,244.9,47.9,2861,37.7,111
2026-06-01 03:00:00,Salem,SS_SALE,TR_3681,2432,2273,230.6,251.4,47.3,1471,28.9,106
2026-06-01 04:00:00,Salem,SS_SALE,TR_1244,1672,1492,234.2,219.8,72.2,4676,33.1,112
2026-06-01 05:00:00,Salem,SS_SALE,TR_1550,1302,1703,224.0,275.4,75.6,3381,30.9,76
2026-06-01 06:00:00,Salem,SS_SALE,TR_6206,1344,2451,239.4,278.6,81.1,4217,27.9,54
2026-06-01 07:00:00,Salem,SS_SALE,TR_2198,816,1364,222.4,95.7,84.5,905,26.3,59
2026-06-01 08:00:00,Salem,SS_SALE,TR_2192,875,851,231.6,250.4,66.5,2341,35.9,102
2026-06-01 09:00:00,Salem,SS_SALE,TR_9448,1874,2299,228.9,156.1,58.4,3707,27.9,81
2026-06-01 10:00:00,Salem,SS_SALE,TR_8168,958,1515,223.1,134.2,77.1,3600,36.7,63
2026-06-01 11:00:00,Salem,SS_SALE,TR_8932,1428,1361,235.3,147.7,45.8,849,36.7,104
2026-06-01 12:00:00,Salem,SS_SALE,TR_9187,1250,1905,231.4,143.8,62.7,1780,35.4,65
2026-06-01 13:00:00,Salem,SS_SALE,TR_9321,1646,1857,233.9,228.4,69.1,1107,26.3,88
2026-06-01 14:00:00,Salem,SS_SALE,TR_5021,1529,2077,221.7,128.9,57.0,4246,29.0,73
2026-06-01 15:00:00,Salem,SS_SALE,TR_5174,2125,2062,235.2,184.0,60.0,2956,35.5,103
2026-06-01 16:00:00,Salem,SS_SALE,TR_9350,1609,2026,230.6,212.4,71.9,1040,33.8,79
2026-06-01 17:00:00,Salem,SS_SALE,TR_5631,725,922,229.9,183.0,83.1,4647,32.7,78
2026-06-01 18:00:00,Salem,SS_SALE,TR_2627,1083,1801,221.9,80.1,56.6,2149,37.5,60
2026-06-01 19:00:00,Salem,SS_SALE,TR_2939,995,2107,223.1,287.0,43.4,3064,35.7,47
2026-06-01 20:00:00,Salem,SS_SALE,TR_3935,1016,1131,228.2,247.1,46.5,1624,33.5,89
2026-06-01 21:00:00,Salem,SS_SALE,TR_5428,2290,2339,240.0,129.3,49.3,4323,29.3,97
2026-06-01 22:00:00,Salem,SS_SALE,TR_3365,1680,1959,239.9,297.9,61.3,2034,39.6,85
2026-06-01 23:00:00,Salem,SS_SALE,TR_3901,2080,1886,230.6,263.2,50.2,1417,32.5,110
2026-06-01 00:00:00,Namakkal,SS_NAMA,TR_9869,1378,1210,238.1,255.7,48.5,669,34.3,113
2026-06-01 01:00:00,Namakkal,SS_NAMA,TR_2569,1133,1345,232.7,169.8,72.5,2774,30.7,84
2026-06-01 02:00:00,Namakkal,SS_NAMA,TR_3975,819,1520,223.8,267.1,57.3,753,37.9,53
2026-06-01 03:00:00,Namakkal,SS_NAMA,TR_2591,994,1187,226.3,118.9,67.8,595,29.7,83
2026-06-01 04:00:00,Namakkal,SS_NAMA,TR_1584,961,1968,231.6,84.8,77.4,961,35.3,48
2026-06-01 05:00:00,Namakkal,SS_NAMA,TR_7073,810,1064,221.4,256.6,79.7,2492,25.2,76
2026-06-01 06:00:00,Namakkal,SS_NAMA,TR_2607,1874,1731,231.0,113.0,45.1,4137,37.3,108
2026-06-01 07:00:00,Namakkal,SS_NAMA,TR_9636,1670,1921,229.9,146.1,58.9,4789,31.1,86
2026-06-01 08:00:00,Namakkal,SS_NAMA,TR_3019,992,2058,227.0,236.5,35.9,1964,35.9,48
2026-06-01 09:00:00,Namakkal,SS_NAMA,TR_6683,1356,1546,236.2,236.6,40.1,3994,33.1,87
2026-06-01 10:00:00,Namakkal,SS_NAMA,TR_6430,1153,1855,220.9,129.2,57.7,1230,28.0,62
2026-06-01 11:00:00,Namakkal,SS_NAMA,TR_6106,1543,1503,224.0,284.5,35.9,4665,40.7,102
2026-06-01 12:00:00,Namakkal,SS_NAMA,TR_9566,770,1681,235.3,293.4,80.3,1546,34.4,45
2026-06-01 13:00:00,Namakkal,SS_NAMA,TR_1600,1236,2450,232.3,215.2,55.9,4324,34.7,50
2026-06-01 14:00:00,Namakkal,SS_NAMA,TR_2382,1599,1653,221.5,240.6,77.4,2857,33.7,96
2026-06-01 15:00:00,Namakkal,SS_NAMA,TR_9349,1071,1603,234.7,161.2,43.7,4862,28.7,66
2026-06-01 16:00:00,Namakkal,SS_NAMA,TR_5174,2260,2037,234.7,127.4,78.0,3455,39.5,110
2026-06-01 17:00:00,Namakkal,SS_NAMA,TR_6307,892,1442,238.5,136.7,69.6,3283,41.8,61
2026-06-01 18:00:00,Namakkal,SS_NAMA,TR_2355,880,1721,233.5,154.7,38.6,2368,37.8,51
2026-06-01 19:00:00,Namakkal,SS_NAMA,TR_5602,1044,1608,236.9,194.4,77.1,2007,32.6,64
2026-06-01 20:00:00,Namakkal,SS_NAMA,TR_9575,1956,2161,222.3,274.7,59.5,1772,27.6,90
2026-06-01 21:00:00,Namakkal,SS_NAMA,TR_2194,968,1040,225.7,110.8,57.1,713,32.0,93
2026-06-01 22:00:00,Namakkal,SS_NAMA,TR_5696,1110,1720,220.6,215.2,53.7,1979,26.8,64
2026-06-01 23:00:00,Namakkal,SS_NAMA,TR_5069,876,1907,229.1,166.7,75.5,1617,31.4,45
2026-06-01 00:00:00,Dharmapuri,SS_DHAR,TR_5773,1937,2239,220.4,193.3,52.2,4344,26.7,86
2026-06-01 01:00:00,Dharmapuri,SS_DHAR,TR_8505,1512,1516,220.4,212.3,73.2,4740,29.8,99
2026-06-01 02:00:00,Dharmapuri,SS_DHAR,TR_8087,1881,2108,238.6,295.8,37.1,2149,34.3,89
2026-06-01 03:00:00,Dharmapuri,SS_DHAR,TR_8142,860,1556,239.8,83.6,57.6,2013,39.3,55
2026-06-01 04:00:00,Dharmapuri,SS_DHAR,TR_3914,1313,1671,239.6,184.5,41.5,1433,41.1,78
2026-06-01 05:00:00,Dharmapuri,SS_DHAR,TR_8097,564,887,221.8,173.2,81.5,2768,33.5,63
2026-06-01 06:00:00,Dharmapuri,SS_DHAR,TR_9739,1563,2477,230.1,269.1,57.4,1080,39.5,63
2026-06-01 07:00:00,Dharmapuri,SS_DHAR,TR_3962,921,1275,239.5,121.0,50.1,2888,25.5,72
2026-06-01 08:00:00,Dharmapuri,SS_DHAR,TR_4526,876,1485,233.6,119.9,68.7,2177,31.0,58
2026-06-01 09:00:00,Dharmapuri,SS_DHAR,TR_3730,865,1247,229.3,159.5,77.6,3725,34.7,69
2026-06-01 10:00:00,Dharmapuri,SS_DHAR,TR_2924,1351,1251,226.9,88.6,59.7,2990,29.1,107
2026-06-01 11:00:00,Dharmapuri,SS_DHAR,TR_4095,982,1010,236.1,286.1,65.3,1088,37.1,97
2026-06-01 12:00:00,Dharmapuri,SS_DHAR,TR_7421,1724,1506,226.8,115.8,61.0,4214,28.0,114
2026-06-01 13:00:00,Dharmapuri,SS_DHAR,TR_4128,1499,1706,238.6,138.2,37.0,563,26.8,87
2026-06-01 14:00:00,Dharmapuri,SS_DHAR,TR_3162,1341,2091,220.7,141.5,44.6,4606,31.5,64
2026-06-01 15:00:00,Dharmapuri,SS_DHAR,TR_4074,991,1443,221.8,85.5,45.1,1975,37.9,68
2026-06-01 16:00:00,Dharmapuri,SS_DHAR,TR_9916,2000,1819,230.1,197.0,50.7,649,38.0,109
2026-06-01 17:00:00,Dharmapuri,SS_DHAR,TR_5309,2201,2115,228.7,248.7,75.3,4529,30.2,104
2026-06-01 18:00:00,Dharmapuri,SS_DHAR,TR_9362,472,915,239.9,249.4,39.7,1744,25.6,51
2026-06-01 19:00:00,Dharmapuri,SS_DHAR,TR_7652,1894,1915,232.0,268.5,39.9,4096,29.7,98
2026-06-01 20:00:00,Dharmapuri,SS_DHAR,TR_4727,1182,2464,229.0,138.3,54.6,4327,39.9,47
2026-06-01 21:00:00,Dharmapuri,SS_DHAR,TR_8749,972,1522,228.5,152.1,60.1,4521,32.1,63
2026-06-01 22:00:00,Dharmapuri,SS_DHAR,TR_3316,1278,1595,223.0,157.4,63.3,2980,39.0,80
2026-06-01 23:00:00,Dharmapuri,SS_DHAR,TR_7024,945,1502,235.7,292.9,76.9,4863,27.4,62
2026-06-01 00:00:00,Krishnagiri,SS_KRIS,TR_5737,1351,2375,236.4,208.5,48.2,1247,27.0,56
2026-06-01 01:00:00,Krishnagiri,SS_KRIS,TR_4449,2010,2380,221.2,211.5,75.8,3744,26.1,84
2026-06-01 02:00:00,Krishnagiri,SS_KRIS,TR_5609,1050,1665,233.3,106.1,81.9,1675,28.2,63
2026-06-01 03:00:00,Krishnagiri,SS_KRIS,TR_2085,1569,2321,234.4,177.4,42.8,3144,26.8,67
2026-06-01 04:00:00,Krishnagiri,SS_KRIS,TR_9996,1557,2026,237.5,186.1,81.1,4644,26.9,76
2026-06-01 05:00:00,Krishnagiri,SS_KRIS,TR_6892,1044,949,226.3,158.1,57.6,4763,32.1,110
2026-06-01 06:00:00,Krishnagiri,SS_KRIS,TR_2710,1427,1323,225.1,235.2,38.4,3159,36.1,107
2026-06-01 07:00:00,Krishnagiri,SS_KRIS,TR_6295,594,865,221.9,289.0,72.4,3449,39.9,68
2026-06-01 08:00:00,Krishnagiri,SS_KRIS,TR_2228,1098,1629,227.4,198.2,49.8,4260,31.3,67
2026-06-01 09:00:00,Krishnagiri,SS_KRIS,TR_6980,567,903,223.9,137.6,66.3,2236,31.6,62
2026-06-01 10:00:00,Krishnagiri,SS_KRIS,TR_4108,1000,1215,235.4,163.4,64.4,1695,33.9,82
2026-06-01 11:00:00,Krishnagiri,SS_KRIS,TR_9205,2654,2442,221.2,174.4,69.9,4071,41.8,108
2026-06-01 12:00:00,Krishnagiri,SS_KRIS,TR_5124,1112,2160,231.2,107.8,72.6,634,37.3,51
2026-06-01 13:00:00,Krishnagiri,SS_KRIS,TR_6382,1760,1663,232.2,246.0,77.1,3330,39.8,105
2026-06-01 14:00:00,Krishnagiri,SS_KRIS,TR_1327,735,876,224.3,269.3,67.4,2697,28.2,83
2026-06-01 15:00:00,Krishnagiri,SS_KRIS,TR_7340,1040,1514,224.1,100.6,79.4,3666,38.0,68
2026-06-01 16:00:00,Krishnagiri,SS_KRIS,TR_2797,615,941,239.4,235.8,65.5,1465,30.1,65
2026-06-01 17:00:00,Krishnagiri,SS_KRIS,TR_1655,631,1322,220.9,81.1,71.5,3778,41.1,47
2026-06-01 18:00:00,Krishnagiri,SS_KRIS,TR_7807,1039,1332,229.7,176.0,51.2,4039,32.3,78
2026-06-01 19:00:00,Krishnagiri,SS_KRIS,TR_6697,1464,1686,239.9,97.3,54.2,4541,28.1,86
2026-06-01 20:00:00,Krishnagiri,SS_KRIS,TR_4168,1364,2095,223.5,248.1,59.8,3269,25.6,65
2026-06-01 21:00:00,Krishnagiri,SS_KRIS,TR_1239,1173,2362,221.6,137.8,84.3,2314,28.6,49
2026-06-01 22:00:00,Krishnagiri,SS_KRIS,TR_2782,857,1007,230.0,207.7,53.8,1906,27.4,85
2026-06-01 23:00:00,Krishnagiri,SS_KRIS,TR_1862,1653,2205,237.4,161.3,63.4,3603,26.2,74
2026-06-01 00:00:00,Erode,SS_EROD,TR_2532,673,1352,234.6,143.4,71.2,506,39.7,49
2026-06-01 01:00:00,Erode,SS_EROD,TR_1678,943,912,220.5,92.4,77.7,900,29.0,103
2026-06-01 02:00:00,Erode,SS_EROD,TR_5933,1196,1599,235.9,187.6,60.0,4501,27.6,74
2026-06-01 03:00:00,Erode,SS_EROD,TR_9504,2559,2481,229.6,275.0,68.3,732,36.6,103
2026-06-01 04:00:00,Erode,SS_EROD,TR_3369,1558,2097,227.3,194.7,58.1,2425,30.2,74
2026-06-01 05:00:00,Erode,SS_EROD,TR_8783,847,1355,223.0,271.9,65.1,2142,27.3,62
2026-06-01 06:00:00,Erode,SS_EROD,TR_7244,1635,1568,224.8,113.1,35.4,1010,38.0,104
2026-06-01 07:00:00,Erode,SS_EROD,TR_3425,1004,880,235.0,95.8,64.6,701,37.9,114
2026-06-01 08:00:00,Erode,SS_EROD,TR_4232,1022,2235,231.9,298.1,47.9,2283,27.1,45
2026-06-01 09:00:00,Erode,SS_EROD,TR_6505,940,1122,235.8,245.7,79.6,3184,38.7,83
2026-06-01 10:00:00,Erode,SS_EROD,TR_3225,960,1145,225.9,152.6,81.6,2927,41.6,83
2026-06-01 11:00:00,Erode,SS_EROD,TR_2772,1453,1959,229.7,103.6,46.8,2918,34.0,74
2026-06-01 12:00:00,Erode,SS_EROD,TR_1606,1137,1032,222.5,123.6,73.3,4270,40.3,110
2026-06-01 13:00:00,Erode,SS_EROD,TR_1954,923,964,233.8,219.0,72.9,808,39.1,95
2026-06-01 14:00:00,Erode,SS_EROD,TR_7464,1992,2316,226.4,233.4,82.8,766,36.3,86
2026-06-01 15:00:00,Erode,SS_EROD,TR_7043,1359,1798,240.0,115.3,45.1,3902,34.2,75
2026-06-01 16:00:00,Erode,SS_EROD,TR_5331,1168,1374,221.0,168.9,64.1,3905,36.2,85
2026-06-01 17:00:00,Erode,SS_EROD,TR_2702,1711,1794,235.8,217.4,61.9,3386,35.3,95
2026-06-01 18:00:00,Erode,SS_EROD,TR_1910,1360,2122,230.5,272.1,69.0,1989,35.1,64
2026-06-01 19:00:00,Erode,SS_EROD,TR_1134,576,953,236.5,210.6,64.6,3803,30.8,60
2026-06-01 20:00:00,Erode,SS_EROD,TR_5015,2147,2036,234.5,194.3,53.4,1986,27.4,105
2026-06-01 21:00:00,Erode,SS_EROD,TR_2445,517,885,238.9,191.1,46.7,2180,26.8,58
2026-06-01 22:00:00,Erode,SS_EROD,TR_4044,1207,1183,227.7,250.0,75.1,3080,35.3,102
2026-06-01 23:00:00,Erode,SS_EROD,TR_2684,1107,988,221.0,283.1,79.2,2309,33.9,112
2026-06-01 00:00:00,Tiruppur,SS_TIRU,TR_5969,1486,2485,236.4,189.7,36.7,3322,41.2,59
2026-06-01 01:00:00,Tiruppur,SS_TIRU,TR_7445,2020,1961,221.1,286.9,81.9,1747,34.1,103
2026-06-01 02:00:00,Tiruppur,SS_TIRU,TR_6780,1645,2127,228.4,106.3,39.8,3659,39.2,77
2026-06-01 03:00:00,Tiruppur,SS_TIRU,TR_1188,659,1195,231.0,127.3,43.2,1520,34.6,55
2026-06-01 04:00:00,Tiruppur,SS_TIRU,TR_4312,1930,2173,238.2,113.2,80.7,722,39.1,88
2026-06-01 05:00:00,Tiruppur,SS_TIRU,TR_5843,2081,2334,232.8,231.9,35.8,3290,41.3,89
2026-06-01 06:00:00,Tiruppur,SS_TIRU,TR_6269,2338,2345,227.5,82.7,60.5,1923,32.4,99
2026-06-01 07:00:00,Tiruppur,SS_TIRU,TR_8472,1143,1662,230.6,162.6,83.5,1624,27.9,68
2026-06-01 08:00:00,Tiruppur,SS_TIRU,TR_3876,1210,1846,230.9,189.8,67.2,3912,29.8,65
2026-06-01 09:00:00,Tiruppur,SS_TIRU,TR_9931,2257,2415,225.2,182.0,36.5,612,35.5,93
2026-06-01 10:00:00,Tiruppur,SS_TIRU,TR_7104,1794,1845,230.3,212.9,54.8,2644,26.7,97
2026-06-01 11:00:00,Tiruppur,SS_TIRU,TR_1723,790,870,220.3,202.7,72.6,4979,39.1,90
2026-06-01 12:00:00,Tiruppur,SS_TIRU,TR_5906,1263,1429,233.9,269.0,41.1,1120,25.4,88
2026-06-01 13:00:00,Tiruppur,SS_TIRU,TR_4194,2457,2374,223.9,80.9,57.3,845,30.7,103
2026-06-01 14:00:00,Tiruppur,SS_TIRU,TR_2493,878,1147,228.0,248.9,79.7,4010,27.1,76
2026-06-01 15:00:00,Tiruppur,SS_TIRU,TR_7596,1253,1909,221.8,169.5,82.1,4609,41.2,65
2026-06-01 16:00:00,Tiruppur,SS_TIRU,TR_4700,1413,1541,229.1,245.8,36.6,958,35.4,91
2026-06-01 17:00:00,Tiruppur,SS_TIRU,TR_8078,640,1045,227.0,275.1,76.0,3497,33.4,61
2026-06-01 18:00:00,Tiruppur,SS_TIRU,TR_7955,850,1329,229.9,123.4,78.0,3011,40.3,63
2026-06-01 19:00:00,Tiruppur,SS_TIRU,TR_9183,2340,2199,224.6,285.0,63.6,4818,32.2,106
2026-06-01 20:00:00,Tiruppur,SS_TIRU,TR_6042,1389,2014,225.8,133.1,39.1,3149,40.1,68
2026-06-01 21:00:00,Tiruppur,SS_TIRU,TR_7289,1464,1644,228.6,182.2,45.5,2844,39.0,89
2026-06-01 22:00:00,Tiruppur,SS_TIRU,TR_2785,1372,1442,235.2,206.5,78.1,1691,40.0,95
2026-06-01 23:00:00,Tiruppur,SS_TIRU,TR_9300,1242,1294,233.3,266.2,84.7,4094,32.1,95
2026-06-01 00:00:00,Coimbatore,SS_COIM,TR_8324,1162,1197,229.1,283.9,54.7,2341,26.8,97
2026-06-01 01:00:00,Coimbatore,SS_COIM,TR_3834,1070,1761,227.9,166.7,47.3,4283,33.4,60
2026-06-01 02:00:00,Coimbatore,SS_COIM,TR_8251,1891,1757,221.4,206.5,58.4,1858,32.6,107
2026-06-01 03:00:00,Coimbatore,SS_COIM,TR_5480,1344,1844,231.6,190.2,58.6,2623,38.9,72
2026-06-01 04:00:00,Coimbatore,SS_COIM,TR_7710,1364,1980,236.0,267.8,42.7,888,29.9,68
2026-06-01 05:00:00,Coimbatore,SS_COIM,TR_4240,1731,1790,233.4,136.1,60.6,1574,41.1,96
2026-06-01 06:00:00,Coimbatore,SS_COIM,TR_4431,1552,1460,239.7,272.5,43.3,4105,25.5,106
2026-06-01 07:00:00,Coimbatore,SS_COIM,TR_9422,1590,2193,233.8,197.2,54.4,4418,38.8,72
2026-06-01 08:00:00,Coimbatore,SS_COIM,TR_7385,1362,1751,237.8,130.6,43.5,3012,41.5,77
2026-06-01 09:00:00,Coimbatore,SS_COIM,TR_3706,1178,1892,222.8,269.3,46.3,1623,33.6,62
2026-06-01 10:00:00,Coimbatore,SS_COIM,TR_9916,776,1694,231.1,192.7,75.4,1632,32.0,45
2026-06-01 11:00:00,Coimbatore,SS_COIM,TR_3289,796,1403,235.7,110.1,54.7,3833,40.2,56
2026-06-01 12:00:00,Coimbatore,SS_COIM,TR_1024,1534,2328,231.1,153.5,48.6,3170,28.1,65
2026-06-01 13:00:00,Coimbatore,SS_COIM,TR_3311,1298,1582,231.5,100.5,77.2,3680,28.0,82
2026-06-01 14:00:00,Coimbatore,SS_COIM,TR_7882,816,1162,235.7,125.4,44.3,3968,25.6,70
2026-06-01 15:00:00,Coimbatore,SS_COIM,TR_1315,999,1644,236.7,97.8,79.1,3758,38.6,60
2026-06-01 16:00:00,Coimbatore,SS_COIM,TR_8826,2197,2340,233.5,195.5,67.6,3879,26.7,93
2026-06-01 17:00:00,Coimbatore,SS_COIM,TR_1241,1584,2362,238.9,178.0,68.8,826,39.3,67
2026-06-01 18:00:00,Coimbatore,SS_COIM,TR_9918,1231,2187,236.0,275.2,37.4,1487,31.0,56
2026-06-01 19:00:00,Coimbatore,SS_COIM,TR_5991,1881,2081,225.2,109.7,40.8,2813,26.8,90
2026-06-01 20:00:00,Coimbatore,SS_COIM,TR_6739,666,957,224.3,232.2,69.3,3710,40.9,69
2026-06-01 21:00:00,Coimbatore,SS_COIM,TR_5850,1235,1716,221.5,242.8,84.4,4261,39.4,71
2026-06-01 22:00:00,Coimbatore,SS_COIM,TR_6216,833,938,227.1,229.5,73.5,2016,33.4,88
2026-06-01 23:00:00,Coimbatore,SS_COIM,TR_5059,1230,2496,222.4,133.8,51.4,3181,37.4,49
2026-06-01 00:00:00,Nilgiris,SS_NILG,TR_2654,1219,2155,220.9,272.1,69.7,2383,25.5,56
2026-06-01 01:00:00,Nilgiris,SS_NILG,TR_5691,729,867,231.9,175.6,81.2,1771,29.9,84
2026-06-01 02:00:00,Nilgiris,SS_NILG,TR_7111,949,1947,239.1,295.8,72.0,755,28.7,48
2026-06-01 03:00:00,Nilgiris,SS_NILG,TR_5698,1619,1590,224.4,179.3,58.1,3813,39.0,101
2026-06-01 04:00:00,Nilgiris,SS_NILG,TR_7153,1880,2089,233.0,139.5,53.6,3250,38.4,89
2026-06-01 05:00:00,Nilgiris,SS_NILG,TR_5894,660,877,224.9,126.1,64.4,2472,29.0,75
2026-06-01 06:00:00,Nilgiris,SS_NILG,TR_1577,1775,1798,227.5,163.7,56.6,1903,30.5,98
2026-06-01 07:00:00,Nilgiris,SS_NILG,TR_3462,2142,2185,233.2,175.0,72.4,4727,32.8,98
2026-06-01 08:00:00,Nilgiris,SS_NILG,TR_4729,2015,2465,226.4,102.9,55.7,4257,32.0,81
2026-06-01 09:00:00,Nilgiris,SS_NILG,TR_3697,848,1010,220.7,216.7,57.9,4688,25.3,83
2026-06-01 10:00:00,Nilgiris,SS_NILG,TR_3245,818,1536,224.3,140.4,55.1,1987,25.0,53
2026-06-01 11:00:00,Nilgiris,SS_NILG,TR_2752,957,1699,231.0,152.4,62.4,921,28.8,56
2026-06-01 12:00:00,Nilgiris,SS_NILG,TR_1218,1657,1495,222.2,107.9,42.3,4476,35.5,110
2026-06-01 13:00:00,Nilgiris,SS_NILG,TR_5896,2164,2468,221.8,294.4,45.2,4940,35.6,87
2026-06-01 14:00:00,Nilgiris,SS_NILG,TR_4780,1262,1756,238.6,112.8,84.9,2669,36.0,71
2026-06-01 15:00:00,Nilgiris,SS_NILG,TR_6335,1628,1444,238.5,204.9,70.2,759,27.5,112
2026-06-01 16:00:00,Nilgiris,SS_NILG,TR_5799,1546,1678,229.1,114.1,47.2,1648,25.6,92
2026-06-01 17:00:00,Nilgiris,SS_NILG,TR_8002,2130,2252,220.1,115.4,68.7,4997,26.0,94
2026-06-01 18:00:00,Nilgiris,SS_NILG,TR_6307,1009,1087,231.8,160.3,69.9,2814,28.5,92
2026-06-01 19:00:00,Nilgiris,SS_NILG,TR_7461,1527,1810,233.3,183.8,51.1,4468,26.5,84
2026-06-01 20:00:00,Nilgiris,SS_NILG,TR_3201,1077,2354,239.7,128.9,75.7,4955,29.8,45
2026-06-01 21:00:00,Nilgiris,SS_NILG,TR_2128,806,1086,236.0,290.7,78.8,1959,27.6,74
2026-06-01 22:00:00,Nilgiris,SS_NILG,TR_7989,530,959,238.3,193.9,51.8,3598,25.2,55
2026-06-01 23:00:00,Nilgiris,SS_NILG,TR_7129,664,1066,235.9,293.4,40.0,4613,35.1,62
2026-06-01 00:00:00,Karur,SS_KARU,TR_3314,823,992,226.4,142.4,63.7,4966,33.0,82
2026-06-01 01:00:00,Karur,SS_KARU,TR_3282,1006,1111,238.6,191.3,76.0,1076,36.1,90
2026-06-01 02:00:00,Karur,SS_KARU,TR_7389,1860,1956,237.5,215.0,48.9,3847,35.3,95
2026-06-01 03:00:00,Karur,SS_KARU,TR_7708,481,969,221.2,200.8,43.0,1585,35.4,49
2026-06-01 04:00:00,Karur,SS_KARU,TR_8116,1873,1827,226.2,200.8,63.2,723,36.1,102
2026-06-01 05:00:00,Karur,SS_KARU,TR_8688,957,1603,222.0,262.4,64.7,4906,29.2,59
2026-06-01 06:00:00,Karur,SS_KARU,TR_7710,650,1277,235.5,209.8,40.5,1993,37.8,50
2026-06-01 07:00:00,Karur,SS_KARU,TR_3856,612,935,235.2,233.6,48.9,4501,37.1,65
2026-06-01 08:00:00,Karur,SS_KARU,TR_9532,1083,2107,226.5,131.6,54.7,2077,33.1,51
2026-06-01 09:00:00,Karur,SS_KARU,TR_2575,1750,2061,222.8,138.7,78.0,1913,35.2,84
2026-06-01 10:00:00,Karur,SS_KARU,TR_4401,1893,1888,221.3,135.9,46.5,1174,37.0,100
2026-06-01 11:00:00,Karur,SS_KARU,TR_9202,2184,2475,223.7,219.8,54.0,522,40.7,88
2026-06-01 12:00:00,Karur,SS_KARU,TR_7881,1483,1944,235.0,294.6,58.0,1915,40.6,76
2026-06-01 13:00:00,Karur,SS_KARU,TR_2859,1180,1892,222.0,222.7,74.1,4489,35.4,62
2026-06-01 14:00:00,Karur,SS_KARU,TR_5459,2002,2270,223.0,127.4,48.5,1537,32.5,88
2026-06-01 15:00:00,Karur,SS_KARU,TR_2480,1127,1816,227.5,178.1,55.5,4472,28.1,62
2026-06-01 16:00:00,Karur,SS_KARU,TR_7583,796,1042,220.3,292.1,75.8,2926,39.8,76
2026-06-01 17:00:00,Karur,SS_KARU,TR_6919,2202,2030,232.2,213.9,48.4,2018,28.8,108
2026-06-01 18:00:00,Karur,SS_KARU,TR_2025,1077,1182,235.6,247.4,50.8,4684,32.7,91
2026-06-01 19:00:00,Karur,SS_KARU,TR_8194,956,1148,237.5,281.5,77.5,4635,41.4,83
2026-06-01 20:00:00,Karur,SS_KARU,TR_5189,492,1019,221.7,165.9,47.9,1214,41.2,48
2026-06-01 21:00:00,Karur,SS_KARU,TR_1487,638,1088,235.2,221.0,68.8,4817,30.6,58
2026-06-01 22:00:00,Karur,SS_KARU,TR_6817,1165,2007,238.8,146.4,47.8,2190,36.2,58
2026-06-01 23:00:00,Karur,SS_KARU,TR_5276,1537,2008,223.2,228.1,48.5,3346,29.6,76
2026-06-01 00:00:00,Tiruchirappalli,SS_TIRU,TR_2459,1301,1906,226.6,179.9,44.5,3575,34.2,68
2026-06-01 01:00:00,Tiruchirappalli,SS_TIRU,TR_6618,609,1128,238.9,173.9,80.1,3600,26.7,53
2026-06-01 02:00:00,Tiruchirappalli,SS_TIRU,TR_1386,1886,1976,235.2,265.5,37.8,820,31.4,95
2026-06-01 03:00:00,Tiruchirappalli,SS_TIRU,TR_6355,1404,2120,239.9,94.0,76.4,1278,35.9,66
2026-06-01 04:00:00,Tiruchirappalli,SS_TIRU,TR_7614,812,857,237.2,120.4,35.0,1243,31.0,94
2026-06-01 05:00:00,Tiruchirappalli,SS_TIRU,TR_4562,975,1817,226.6,95.5,37.8,1337,40.6,53
2026-06-01 06:00:00,Tiruchirappalli,SS_TIRU,TR_3808,1809,1591,239.3,111.4,70.7,849,36.7,113
2026-06-01 07:00:00,Tiruchirappalli,SS_TIRU,TR_1599,942,1821,221.5,212.9,84.3,1348,36.4,51
2026-06-01 08:00:00,Tiruchirappalli,SS_TIRU,TR_7396,1247,1095,233.6,88.8,78.4,3821,25.1,113
2026-06-01 09:00:00,Tiruchirappalli,SS_TIRU,TR_6624,1142,1419,225.1,188.1,43.7,4716,26.0,80
2026-06-01 10:00:00,Tiruchirappalli,SS_TIRU,TR_1724,2381,2484,237.3,111.5,49.4,1808,25.5,95
2026-06-01 11:00:00,Tiruchirappalli,SS_TIRU,TR_5378,947,1131,233.0,165.4,62.8,3649,26.6,83
2026-06-01 12:00:00,Tiruchirappalli,SS_TIRU,TR_2388,1939,1760,235.2,283.0,80.8,3837,40.8,110
2026-06-01 13:00:00,Tiruchirappalli,SS_TIRU,TR_1770,1411,1903,221.3,104.1,39.8,516,31.0,74
2026-06-01 14:00:00,Tiruchirappalli,SS_TIRU,TR_7310,1099,1096,231.8,112.2,72.4,1643,25.2,100
2026-06-01 15:00:00,Tiruchirappalli,SS_TIRU,TR_1674,906,1403,225.5,258.6,73.0,1987,36.8,64
2026-06-01 16:00:00,Tiruchirappalli,SS_TIRU,TR_2250,1136,1119,233.5,122.9,67.4,2057,32.5,101
2026-06-01 17:00:00,Tiruchirappalli,SS_TIRU,TR_2187,856,1621,222.0,116.1,41.6,2832,41.2,52
2026-06-01 18:00:00,Tiruchirappalli,SS_TIRU,TR_3563,845,1210,226.4,277.6,63.1,3709,30.1,69
2026-06-01 19:00:00,Tiruchirappalli,SS_TIRU,TR_8937,1252,2362,226.9,256.4,79.0,3002,33.0,53
2026-06-01 20:00:00,Tiruchirappalli,SS_TIRU,TR_9741,842,1006,225.4,187.6,36.9,1741,26.7,83
2026-06-01 21:00:00,Tiruchirappalli,SS_TIRU,TR_3464,1442,2166,220.9,97.4,69.8,3043,26.2,66
2026-06-01 22:00:00,Tiruchirappalli,SS_TIRU,TR_5293,566,824,224.6,121.5,73.2,2050,27.4,68
2026-06-01 23:00:00,Tiruchirappalli,SS_TIRU,TR_3813,2711,2417,232.8,236.2,70.2,3176,38.9,112
2026-06-01 00:00:00,Perambalur,SS_PERA,TR_5350,909,1105,226.5,103.2,68.2,2635,29.7,82
2026-06-01 01:00:00,Perambalur,SS_PERA,TR_2440,442,857,232.8,218.3,56.1,1358,26.5,51
2026-06-01 02:00:00,Perambalur,SS_PERA,TR_4899,714,1025,234.4,207.4,59.6,1570,41.4,69
2026-06-01 03:00:00,Perambalur,SS_PERA,TR_9609,1593,1627,229.6,85.8,82.1,2736,30.4,97
2026-06-01 04:00:00,Perambalur,SS_PERA,TR_3303,1791,1558,234.4,90.4,38.1,1426,35.2,114
2026-06-01 05:00:00,Perambalur,SS_PERA,TR_2045,421,843,238.7,200.1,65.8,4700,30.0,49
2026-06-01 06:00:00,Perambalur,SS_PERA,TR_1575,1570,1625,222.0,98.8,50.6,1970,32.4,96
2026-06-01 07:00:00,Perambalur,SS_PERA,TR_2275,776,821,232.1,266.3,55.3,4106,39.4,94
2026-06-01 08:00:00,Perambalur,SS_PERA,TR_5557,1398,2308,238.9,140.5,36.3,859,31.2,60
2026-06-01 09:00:00,Perambalur,SS_PERA,TR_4004,843,1212,237.7,144.3,61.0,2861,30.8,69
2026-06-01 10:00:00,Perambalur,SS_PERA,TR_8395,1154,2060,222.1,190.7,68.6,4228,35.0,56
2026-06-01 11:00:00,Perambalur,SS_PERA,TR_3964,2134,2152,220.7,105.5,36.9,2267,30.6,99
2026-06-01 12:00:00,Perambalur,SS_PERA,TR_5458,797,1140,231.2,185.7,68.9,1284,30.4,69
2026-06-01 13:00:00,Perambalur,SS_PERA,TR_3475,1338,1933,231.9,149.2,51.5,3133,36.8,69
2026-06-01 14:00:00,Perambalur,SS_PERA,TR_6826,740,1359,228.8,276.4,36.8,4405,27.8,54
2026-06-01 15:00:00,Perambalur,SS_PERA,TR_7531,1813,2253,220.2,281.4,57.7,2409,41.2,80
2026-06-01 16:00:00,Perambalur,SS_PERA,TR_3580,904,856,238.4,202.5,45.1,3029,34.3,105
2026-06-01 17:00:00,Perambalur,SS_PERA,TR_5702,2182,1964,225.4,110.4,69.9,2476,41.6,111
2026-06-01 18:00:00,Perambalur,SS_PERA,TR_1255,1843,1904,238.5,96.5,40.5,844,36.0,96
2026-06-01 19:00:00,Perambalur,SS_PERA,TR_5747,984,1976,230.5,279.6,78.9,4254,38.8,49
2026-06-01 20:00:00,Perambalur,SS_PERA,TR_5642,939,1500,230.1,102.2,67.9,4989,33.7,62
2026-06-01 21:00:00,Perambalur,SS_PERA,TR_5257,501,1027,224.6,216.4,74.3,1847,26.0,48
2026-06-01 22:00:00,Perambalur,SS_PERA,TR_8651,957,910,226.8,225.0,55.1,2056,34.0,105
2026-06-01 23:00:00,Perambalur,SS_PERA,TR_8850,542,1062,238.5,260.8,63.1,4453,34.5,51
2026-06-01 00:00:00,Ariyalur,SS_ARIY,TR_9860,1454,2332,221.5,203.6,51.4,2494,25.1,62
2026-06-01 01:00:00,Ariyalur,SS_ARIY,TR_3839,1168,1347,223.8,88.9,53.2,1688,39.9,86
2026-06-01 02:00:00,Ariyalur,SS_ARIY,TR_4029,973,1052,235.1,152.2,76.1,667,34.5,92
2026-06-01 03:00:00,Ariyalur,SS_ARIY,TR_1270,890,1976,239.8,252.1,81.9,657,40.3,45
2026-06-01 04:00:00,Ariyalur,SS_ARIY,TR_1183,855,852,229.0,253.7,35.3,2239,37.8,100
2026-06-01 05:00:00,Ariyalur,SS_ARIY,TR_1634,1295,1289,226.0,148.3,83.3,3288,32.5,100
2026-06-01 06:00:00,Ariyalur,SS_ARIY,TR_5023,1384,1655,228.2,201.6,56.6,4129,40.5,83
2026-06-01 07:00:00,Ariyalur,SS_ARIY,TR_3646,2430,2205,228.8,235.2,76.9,3039,34.6,110
2026-06-01 08:00:00,Ariyalur,SS_ARIY,TR_7299,1686,1730,233.5,244.1,45.4,3278,35.0,97
2026-06-01 09:00:00,Ariyalur,SS_ARIY,TR_9610,744,1647,232.2,108.4,75.8,4351,37.2,45
2026-06-01 10:00:00,Ariyalur,SS_ARIY,TR_7823,1500,2071,237.1,171.1,63.5,2232,36.0,72
2026-06-01 11:00:00,Ariyalur,SS_ARIY,TR_1267,763,801,229.9,258.2,69.1,3051,29.7,95
2026-06-01 12:00:00,Ariyalur,SS_ARIY,TR_9630,1589,1682,239.8,293.7,80.9,4513,35.4,94
2026-06-01 13:00:00,Ariyalur,SS_ARIY,TR_1632,1188,2084,235.3,194.6,78.4,2945,26.9,57
2026-06-01 14:00:00,Ariyalur,SS_ARIY,TR_4428,1457,1812,228.6,103.9,42.7,2202,33.2,80
2026-06-01 15:00:00,Ariyalur,SS_ARIY,TR_9808,1076,2223,229.5,116.2,70.3,574,38.5,48
2026-06-01 16:00:00,Ariyalur,SS_ARIY,TR_3054,1584,1833,223.1,146.8,79.4,3796,40.1,86
2026-06-01 17:00:00,Ariyalur,SS_ARIY,TR_2231,1047,1724,229.4,185.6,84.9,1985,26.9,60
2026-06-01 18:00:00,Ariyalur,SS_ARIY,TR_8666,1281,1215,231.1,155.7,61.0,1761,38.6,105
2026-06-01 19:00:00,Ariyalur,SS_ARIY,TR_5823,1036,1297,232.5,193.2,70.6,4666,33.6,79
2026-06-01 20:00:00,Ariyalur,SS_ARIY,TR_9139,537,928,239.5,258.7,78.0,572,39.2,57
2026-06-01 21:00:00,Ariyalur,SS_ARIY,TR_2618,1076,1620,222.8,147.6,57.3,3928,30.5,66
2026-06-01 22:00:00,Ariyalur,SS_ARIY,TR_4482,1859,1816,225.1,244.0,38.7,704,38.5,102
2026-06-01 23:00:00,Ariyalur,SS_ARIY,TR_6305,1536,2101,238.3,256.2,54.5,3751,33.2,73
2026-06-01 00:00:00,Thanjavur,SS_THAN,TR_8013,1354,2068,236.1,152.2,75.3,2613,25.8,65
2026-06-01 01:00:00,Thanjavur,SS_THAN,TR_6104,1087,947,237.7,289.3,56.9,4412,29.9,114
2026-06-01 02:00:00,Thanjavur,SS_THAN,TR_2170,1000,1249,224.4,285.8,35.2,2752,29.2,80
2026-06-01 03:00:00,Thanjavur,SS_THAN,TR_3266,614,1043,233.1,152.1,65.8,1516,40.1,58
2026-06-01 04:00:00,Thanjavur,SS_THAN,TR_6422,2206,2357,227.3,115.1,51.0,1779,35.6,93
2026-06-01 05:00:00,Thanjavur,SS_THAN,TR_7554,1571,2439,236.7,227.1,63.0,2529,40.0,64
2026-06-01 06:00:00,Thanjavur,SS_THAN,TR_7051,1036,1152,223.8,103.4,83.3,2825,32.1,89
2026-06-01 07:00:00,Thanjavur,SS_THAN,TR_3741,1567,1818,236.4,127.7,75.2,778,34.1,86
2026-06-01 08:00:00,Thanjavur,SS_THAN,TR_3488,893,1896,236.3,118.8,37.6,3523,31.0,47
2026-06-01 09:00:00,Thanjavur,SS_THAN,TR_3450,1505,2084,237.2,145.4,45.5,1611,30.3,72
2026-06-01 10:00:00,Thanjavur,SS_THAN,TR_2828,1155,1718,221.7,114.9,55.9,3535,26.0,67
2026-06-01 11:00:00,Thanjavur,SS_THAN,TR_9226,1374,2295,237.8,229.5,47.0,4587,32.1,59
2026-06-01 12:00:00,Thanjavur,SS_THAN,TR_2900,743,1377,227.6,206.7,53.0,4303,30.0,53
2026-06-01 13:00:00,Thanjavur,SS_THAN,TR_9319,1272,1838,237.6,150.8,63.6,4058,29.7,69
2026-06-01 14:00:00,Thanjavur,SS_THAN,TR_1479,2214,2291,223.4,173.7,59.4,907,26.6,96
2026-06-01 15:00:00,Thanjavur,SS_THAN,TR_4332,771,1113,232.3,163.9,36.9,4785,35.2,69
2026-06-01 16:00:00,Thanjavur,SS_THAN,TR_1830,1543,1860,235.0,173.2,50.0,3166,25.4,82
2026-06-01 17:00:00,Thanjavur,SS_THAN,TR_7708,660,880,224.9,206.3,69.2,4475,26.0,75
2026-06-01 18:00:00,Thanjavur,SS_THAN,TR_2377,638,937,233.4,176.6,71.7,3723,37.9,68
2026-06-01 19:00:00,Thanjavur,SS_THAN,TR_6201,2602,2274,237.0,263.1,71.5,3894,38.6,114
2026-06-01 20:00:00,Thanjavur,SS_THAN,TR_9411,1703,2177,232.8,193.3,77.6,1169,38.9,78
2026-06-01 21:00:00,Thanjavur,SS_THAN,TR_8694,1547,1533,225.0,236.1,72.8,4828,40.9,100
2026-06-01 22:00:00,Thanjavur,SS_THAN,TR_9161,987,1160,231.6,116.8,83.7,1490,37.3,85
2026-06-01 23:00:00,Thanjavur,SS_THAN,TR_8145,1241,1233,224.2,121.6,77.8,2485,33.7,100
2026-06-01 00:00:00,Tiruvarur,SS_TIRU,TR_1811,784,824,225.0,272.8,50.5,3109,26.4,95
2026-06-01 01:00:00,Tiruvarur,SS_TIRU,TR_7816,921,1140,235.0,182.2,52.2,2528,29.4,80
2026-06-01 02:00:00,Tiruvarur,SS_TIRU,TR_3503,1407,1280,223.3,297.4,51.3,2317,29.2,109
2026-06-01 03:00:00,Tiruvarur,SS_TIRU,TR_4828,466,950,230.3,154.1,68.1,4055,35.7,49
2026-06-01 04:00:00,Tiruvarur,SS_TIRU,TR_9457,2149,1914,233.6,259.9,74.6,2099,37.0,112
2026-06-01 05:00:00,Tiruvarur,SS_TIRU,TR_8280,825,1635,239.2,98.7,76.8,3911,40.9,50
2026-06-01 06:00:00,Tiruvarur,SS_TIRU,TR_3035,1235,1511,238.6,291.2,41.4,4669,36.9,81
2026-06-01 07:00:00,Tiruvarur,SS_TIRU,TR_7177,842,1393,220.5,113.8,63.1,1961,36.1,60
2026-06-01 08:00:00,Tiruvarur,SS_TIRU,TR_6839,1715,1724,228.3,140.2,35.8,1729,30.3,99
2026-06-01 09:00:00,Tiruvarur,SS_TIRU,TR_3457,661,1151,223.1,226.5,66.5,590,40.9,57
2026-06-01 10:00:00,Tiruvarur,SS_TIRU,TR_8182,1045,1234,222.8,204.1,38.1,3739,31.6,84
2026-06-01 11:00:00,Tiruvarur,SS_TIRU,TR_1708,1148,1532,233.7,265.0,73.4,1759,35.7,74
2026-06-01 12:00:00,Tiruvarur,SS_TIRU,TR_5844,462,981,234.5,199.9,48.5,1082,40.9,47
2026-06-01 13:00:00,Tiruvarur,SS_TIRU,TR_6523,1203,1357,232.4,171.0,58.5,2641,29.9,88
2026-06-01 14:00:00,Tiruvarur,SS_TIRU,TR_4958,867,933,220.8,254.9,49.1,2106,35.9,92
2026-06-01 15:00:00,Tiruvarur,SS_TIRU,TR_1635,1777,1960,239.2,191.8,71.6,3236,37.0,90
2026-06-01 16:00:00,Tiruvarur,SS_TIRU,TR_3126,1086,1676,228.5,141.1,53.3,4307,35.3,64
2026-06-01 17:00:00,Tiruvarur,SS_TIRU,TR_4412,884,1464,228.8,235.4,39.1,4119,33.0,60
2026-06-01 18:00:00,Tiruvarur,SS_TIRU,TR_1253,2009,2177,226.9,288.8,51.2,1751,29.4,92
2026-06-01 19:00:00,Tiruvarur,SS_TIRU,TR_7022,1554,1758,227.4,124.8,40.6,2601,27.0,88
2026-06-01 20:00:00,Tiruvarur,SS_TIRU,TR_9990,1320,1788,220.0,289.6,36.0,4172,37.2,73
2026-06-01 21:00:00,Tiruvarur,SS_TIRU,TR_5207,1647,1511,229.3,294.4,37.0,3707,41.8,109
2026-06-01 22:00:00,Tiruvarur,SS_TIRU,TR_8643,1040,946,225.1,111.3,68.2,2674,33.9,109
2026-06-01 23:00:00,Tiruvarur,SS_TIRU,TR_9547,1838,1676,226.2,168.0,41.7,3290,28.3,109
2026-06-01 00:00:00,Nagapattinam,SS_NAGA,TR_2290,1555,1529,234.1,196.7,53.7,2776,38.8,101
2026-06-01 01:00:00,Nagapattinam,SS_NAGA,TR_5746,2065,1936,236.4,192.5,58.7,2961,39.7,106
2026-06-01 02:00:00,Nagapattinam,SS_NAGA,TR_4476,931,1281,226.1,194.1,62.2,2242,32.3,72
2026-06-01 03:00:00,Nagapattinam,SS_NAGA,TR_8782,1157,1922,226.9,283.0,45.4,4400,34.5,60
2026-06-01 04:00:00,Nagapattinam,SS_NAGA,TR_5828,1259,1223,222.8,280.2,61.6,4059,33.7,102
2026-06-01 05:00:00,Nagapattinam,SS_NAGA,TR_6456,853,1796,225.3,155.4,67.5,2736,33.5,47
2026-06-01 06:00:00,Nagapattinam,SS_NAGA,TR_1838,1080,2157,223.7,122.0,65.4,4241,40.0,50
2026-06-01 07:00:00,Nagapattinam,SS_NAGA,TR_7690,657,1102,237.5,145.0,56.3,910,41.3,59
2026-06-01 08:00:00,Nagapattinam,SS_NAGA,TR_9498,1780,1873,221.4,210.5,84.5,1096,26.8,95
2026-06-01 09:00:00,Nagapattinam,SS_NAGA,TR_4050,1751,2409,222.6,232.9,48.7,1919,30.9,72
2026-06-01 10:00:00,Nagapattinam,SS_NAGA,TR_1813,1094,1371,223.2,175.1,42.2,3330,27.5,79
2026-06-01 11:00:00,Nagapattinam,SS_NAGA,TR_7450,1973,2421,221.5,124.5,37.7,1386,27.4,81
2026-06-01 12:00:00,Nagapattinam,SS_NAGA,TR_5440,1783,1968,221.7,177.0,64.1,1444,31.3,90
2026-06-01 13:00:00,Nagapattinam,SS_NAGA,TR_4908,599,1198,229.3,297.9,84.8,1490,41.7,50
2026-06-01 14:00:00,Nagapattinam,SS_NAGA,TR_4807,872,1722,226.5,132.3,35.7,3508,32.7,50
2026-06-01 15:00:00,Nagapattinam,SS_NAGA,TR_2187,660,961,234.3,158.6,77.6,1311,29.1,68
2026-06-01 16:00:00,Nagapattinam,SS_NAGA,TR_5845,759,1312,229.9,113.5,43.1,1589,29.5,57
2026-06-01 17:00:00,Nagapattinam,SS_NAGA,TR_2703,1050,1840,220.9,204.3,62.4,4683,29.3,57
2026-06-01 18:00:00,Nagapattinam,SS_NAGA,TR_5074,1115,2181,234.4,128.8,44.7,2372,40.3,51
2026-06-01 19:00:00,Nagapattinam,SS_NAGA,TR_3285,1345,1335,233.0,225.8,59.0,4761,40.4,100
2026-06-01 20:00:00,Nagapattinam,SS_NAGA,TR_5597,1021,1462,232.8,200.2,41.2,778,30.3,69
2026-06-01 21:00:00,Nagapattinam,SS_NAGA,TR_5792,1529,1467,236.4,177.3,72.7,2204,27.3,104
2026-06-01 22:00:00,Nagapattinam,SS_NAGA,TR_9320,1527,1942,225.2,133.1,48.3,2008,37.2,78
2026-06-01 23:00:00,Nagapattinam,SS_NAGA,TR_2627,1586,1423,230.9,178.7,76.4,3510,39.4,111
2026-06-01 00:00:00,Mayiladuthurai,SS_MAYI,TR_3637,1244,1114,227.9,256.0,83.3,3831,27.7,111
2026-06-01 01:00:00,Mayiladuthurai,SS_MAYI,TR_2876,1717,1996,235.8,141.9,69.8,1034,40.5,86
2026-06-01 02:00:00,Mayiladuthurai,SS_MAYI,TR_2628,1666,2299,232.9,172.3,43.7,936,31.9,72
2026-06-01 03:00:00,Mayiladuthurai,SS_MAYI,TR_4918,767,849,223.1,179.2,53.5,3082,29.7,90
2026-06-01 04:00:00,Mayiladuthurai,SS_MAYI,TR_7562,866,1299,230.8,283.1,62.0,600,26.2,66
2026-06-01 05:00:00,Mayiladuthurai,SS_MAYI,TR_5295,1062,1848,235.3,263.9,44.3,954,28.7,57
2026-06-01 06:00:00,Mayiladuthurai,SS_MAYI,TR_3908,984,1140,232.4,231.1,80.3,2479,36.2,86
2026-06-01 07:00:00,Mayiladuthurai,SS_MAYI,TR_5237,1095,1301,238.1,101.0,70.6,1876,37.4,84
2026-06-01 08:00:00,Mayiladuthurai,SS_MAYI,TR_9237,1465,1802,226.4,262.1,73.5,3243,38.1,81
2026-06-01 09:00:00,Mayiladuthurai,SS_MAYI,TR_8809,1051,1650,237.3,150.0,59.2,3152,41.2,63
2026-06-01 10:00:00,Mayiladuthurai,SS_MAYI,TR_8183,1854,1732,227.7,299.2,42.6,684,33.1,107
2026-06-01 11:00:00,Mayiladuthurai,SS_MAYI,TR_5646,1695,1681,234.6,217.9,56.4,4588,33.7,100
2026-06-01 12:00:00,Mayiladuthurai,SS_MAYI,TR_5583,484,1043,230.1,268.3,70.5,1274,31.6,46
2026-06-01 13:00:00,Mayiladuthurai,SS_MAYI,TR_8162,1765,2152,227.7,184.4,47.8,650,25.5,82
2026-06-01 14:00:00,Mayiladuthurai,SS_MAYI,TR_7212,729,967,228.3,135.0,61.9,1984,33.1,75
2026-06-01 15:00:00,Mayiladuthurai,SS_MAYI,TR_1480,1322,1544,238.2,95.6,57.5,528,28.5,85
2026-06-01 16:00:00,Mayiladuthurai,SS_MAYI,TR_5713,1247,1930,237.2,167.2,66.9,646,25.3,64
2026-06-01 17:00:00,Mayiladuthurai,SS_MAYI,TR_4587,896,1223,229.2,291.6,70.3,2914,41.9,73
2026-06-01 18:00:00,Mayiladuthurai,SS_MAYI,TR_3655,1232,1230,231.1,214.6,84.3,4701,40.3,100
2026-06-01 19:00:00,Mayiladuthurai,SS_MAYI,TR_7947,1830,1911,234.0,186.5,80.9,1073,38.7,95
2026-06-01 20:00:00,Mayiladuthurai,SS_MAYI,TR_1937,1037,1908,221.4,188.5,39.0,2353,34.4,54
2026-06-01 21:00:00,Mayiladuthurai,SS_MAYI,TR_9115,2101,2030,230.4,105.8,79.2,1759,28.0,103
2026-06-01 22:00:00,Mayiladuthurai,SS_MAYI,TR_1921,1377,2321,236.1,103.3,65.7,629,37.8,59
2026-06-01 23:00:00,Mayiladuthurai,SS_MAYI,TR_7124,1205,2068,229.0,124.5,70.0,777,31.1,58
2026-06-01 00:00:00,Pudukkottai,SS_PUDU,TR_5043,482,912,231.4,120.8,68.9,2021,41.6,52
2026-06-01 01:00:00,Pudukkottai,SS_PUDU,TR_5215,854,920,220.3,153.6,42.6,1317,28.7,92
2026-06-01 02:00:00,Pudukkottai,SS_PUDU,TR_8853,1536,1762,223.5,202.5,47.8,3852,25.6,87
2026-06-01 03:00:00,Pudukkottai,SS_PUDU,TR_4576,2367,2459,221.3,117.8,54.2,3978,39.8,96
2026-06-01 04:00:00,Pudukkottai,SS_PUDU,TR_5832,1439,1584,235.7,262.2,58.8,2575,37.2,90
2026-06-01 05:00:00,Pudukkottai,SS_PUDU,TR_5117,1055,1664,220.4,123.1,75.0,4345,30.8,63
2026-06-01 06:00:00,Pudukkottai,SS_PUDU,TR_2348,741,1276,230.6,266.2,38.5,4292,32.9,58
2026-06-01 07:00:00,Pudukkottai,SS_PUDU,TR_9342,952,851,239.2,275.3,49.2,1755,38.9,111
2026-06-01 08:00:00,Pudukkottai,SS_PUDU,TR_7172,1922,2378,228.5,259.4,74.7,623,42.0,80
2026-06-01 09:00:00,Pudukkottai,SS_PUDU,TR_2147,1637,2086,237.2,126.6,37.1,4131,31.9,78
2026-06-01 10:00:00,Pudukkottai,SS_PUDU,TR_8709,1563,2397,234.0,81.6,52.8,1077,27.2,65
2026-06-01 11:00:00,Pudukkottai,SS_PUDU,TR_9402,1989,1846,238.2,127.6,84.7,1203,35.3,107
2026-06-01 12:00:00,Pudukkottai,SS_PUDU,TR_1759,562,1135,221.5,209.8,75.5,2348,32.6,49
2026-06-01 13:00:00,Pudukkottai,SS_PUDU,TR_9976,1280,1485,233.8,183.8,70.7,2898,42.0,86
2026-06-01 14:00:00,Pudukkottai,SS_PUDU,TR_4152,614,1340,222.5,201.8,52.2,3974,35.7,45
2026-06-01 15:00:00,Pudukkottai,SS_PUDU,TR_8914,1951,2397,225.2,260.3,35.2,4091,35.5,81
2026-06-01 16:00:00,Pudukkottai,SS_PUDU,TR_9411,1556,1554,237.1,167.3,76.2,4577,35.5,100
2026-06-01 17:00:00,Pudukkottai,SS_PUDU,TR_8354,852,1736,231.0,92.9,72.1,1406,39.3,49
2026-06-01 18:00:00,Pudukkottai,SS_PUDU,TR_9282,620,1191,238.8,94.9,58.7,621,26.2,52
2026-06-01 19:00:00,Pudukkottai,SS_PUDU,TR_9592,1031,2228,230.2,258.6,41.4,612,27.1,46
2026-06-01 20:00:00,Pudukkottai,SS_PUDU,TR_6116,1203,1960,234.6,288.9,73.3,2544,33.8,61
2026-06-01 21:00:00,Pudukkottai,SS_PUDU,TR_6013,2365,2291,221.4,224.3,37.6,1323,40.2,103
2026-06-01 22:00:00,Pudukkottai,SS_PUDU,TR_7223,1347,1207,226.3,187.0,72.1,3696,34.2,111
2026-06-01 23:00:00,Pudukkottai,SS_PUDU,TR_9025,1104,1212,234.9,106.0,58.8,4904,35.0,91
2026-06-01 00:00:00,Madurai,SS_MADU,TR_2319,1163,1546,225.7,106.1,60.6,876,35.0,75
2026-06-01 01:00:00,Madurai,SS_MADU,TR_4831,614,1081,223.9,277.2,36.3,3756,33.9,56
2026-06-01 02:00:00,Madurai,SS_MADU,TR_3880,1287,2119,229.4,265.2,80.8,2759,27.6,60
2026-06-01 03:00:00,Madurai,SS_MADU,TR_2324,1254,1315,224.0,247.3,60.9,3118,36.1,95
2026-06-01 04:00:00,Madurai,SS_MADU,TR_4233,668,883,223.6,246.4,42.9,4314,38.6,75
2026-06-01 05:00:00,Madurai,SS_MADU,TR_5584,2064,2123,225.5,183.0,64.8,587,40.6,97
2026-06-01 06:00:00,Madurai,SS_MADU,TR_4380,1707,1607,223.3,161.7,37.6,3713,27.6,106
2026-06-01 07:00:00,Madurai,SS_MADU,TR_9473,1298,2062,230.7,83.1,35.1,3988,33.7,62
2026-06-01 08:00:00,Madurai,SS_MADU,TR_3744,742,1289,232.3,130.3,64.6,1644,28.2,57
2026-06-01 09:00:00,Madurai,SS_MADU,TR_2282,789,1444,220.6,147.8,80.1,1565,39.1,54
2026-06-01 10:00:00,Madurai,SS_MADU,TR_4347,827,970,231.3,262.3,46.8,1892,30.1,85
2026-06-01 11:00:00,Madurai,SS_MADU,TR_3476,623,1303,237.6,280.6,40.5,1916,32.8,47
2026-06-01 12:00:00,Madurai,SS_MADU,TR_4431,1555,1963,231.1,84.5,77.1,3063,36.1,79
2026-06-01 13:00:00,Madurai,SS_MADU,TR_3966,2239,2455,226.7,112.8,64.2,2875,25.8,91
2026-06-01 14:00:00,Madurai,SS_MADU,TR_8419,1487,1997,228.3,152.0,83.5,3497,27.6,74
2026-06-01 15:00:00,Madurai,SS_MADU,TR_4250,620,1097,239.8,131.8,80.3,3463,29.7,56
2026-06-01 16:00:00,Madurai,SS_MADU,TR_6830,397,832,229.9,224.0,61.8,4544,39.1,47
2026-06-01 17:00:00,Madurai,SS_MADU,TR_5034,1359,1204,232.7,253.9,47.1,2566,39.7,112
2026-06-01 18:00:00,Madurai,SS_MADU,TR_3521,1834,1847,222.2,143.4,61.7,4990,39.5,99
2026-06-01 19:00:00,Madurai,SS_MADU,TR_7711,1941,1692,225.4,158.7,58.9,982,33.4,114
2026-06-01 20:00:00,Madurai,SS_MADU,TR_8704,1159,1172,220.4,180.1,65.9,4042,27.2,98
2026-06-01 21:00:00,Madurai,SS_MADU,TR_8148,1152,1582,223.8,246.4,51.1,2352,35.0,72
2026-06-01 22:00:00,Madurai,SS_MADU,TR_5641,2258,2122,222.4,105.1,50.0,3407,30.1,106
2026-06-01 23:00:00,Madurai,SS_MADU,TR_9821,1508,1533,221.7,171.0,73.7,1603,39.5,98
2026-06-01 00:00:00,Dindigul,SS_DIND,TR_7599,1259,1498,234.5,229.9,46.7,4972,38.1,84
2026-06-01 01:00:00,Dindigul,SS_DIND,TR_6502,1166,1736,229.6,190.7,39.5,3442,36.3,67
2026-06-01 02:00:00,Dindigul,SS_DIND,TR_8790,830,1512,227.3,90.7,36.5,2361,33.4,54
2026-06-01 03:00:00,Dindigul,SS_DIND,TR_5720,1734,2482,239.6,135.5,71.3,1736,29.8,69
2026-06-01 04:00:00,Dindigul,SS_DIND,TR_1634,1087,1172,220.0,228.7,47.5,1194,38.1,92
2026-06-01 05:00:00,Dindigul,SS_DIND,TR_4571,1978,2068,234.1,297.8,47.1,610,29.7,95
2026-06-01 06:00:00,Dindigul,SS_DIND,TR_8320,1287,2289,233.2,246.1,36.9,3351,34.8,56
2026-06-01 07:00:00,Dindigul,SS_DIND,TR_1776,1153,1741,223.3,160.1,77.4,4443,28.2,66
2026-06-01 08:00:00,Dindigul,SS_DIND,TR_8391,668,1322,229.8,96.6,68.9,3482,39.4,50
2026-06-01 09:00:00,Dindigul,SS_DIND,TR_7070,2437,2144,235.4,191.3,80.6,3524,35.9,113
2026-06-01 10:00:00,Dindigul,SS_DIND,TR_8951,684,1113,229.9,240.6,45.1,2316,41.6,61
2026-06-01 11:00:00,Dindigul,SS_DIND,TR_2935,874,1159,226.6,167.4,66.2,1318,40.7,75
2026-06-01 12:00:00,Dindigul,SS_DIND,TR_9878,1716,1894,234.0,150.8,77.9,4525,26.8,90
2026-06-01 13:00:00,Dindigul,SS_DIND,TR_2375,1323,1170,226.1,228.5,58.4,4388,30.5,113
2026-06-01 14:00:00,Dindigul,SS_DIND,TR_3580,947,1737,231.0,178.3,60.6,1774,41.0,54
2026-06-01 15:00:00,Dindigul,SS_DIND,TR_9292,1045,1166,222.2,217.0,77.5,4548,30.6,89
2026-06-01 16:00:00,Dindigul,SS_DIND,TR_2756,1023,1610,225.5,178.4,51.3,2900,36.0,63
2026-06-01 17:00:00,Dindigul,SS_DIND,TR_8677,614,1261,233.8,118.7,46.0,2031,28.4,48
2026-06-01 18:00:00,Dindigul,SS_DIND,TR_1008,789,1010,220.8,140.0,84.7,3612,28.7,78
2026-06-01 19:00:00,Dindigul,SS_DIND,TR_8638,1574,2361,236.9,256.6,41.3,2586,27.1,66
2026-06-01 20:00:00,Dindigul,SS_DIND,TR_4750,2040,1927,237.6,103.6,63.7,2528,36.7,105
2026-06-01 21:00:00,Dindigul,SS_DIND,TR_4669,1161,1064,221.7,207.4,55.4,2546,38.8,109
2026-06-01 22:00:00,Dindigul,SS_DIND,TR_4062,2544,2395,225.5,114.7,50.3,4966,29.8,106
2026-06-01 23:00:00,Dindigul,SS_DIND,TR_7101,783,859,222.2,109.1,38.9,1140,39.9,91
2026-06-01 00:00:00,Theni,SS_THEN,TR_9496,973,2018,235.2,242.2,84.8,1984,29.9,48
2026-06-01 01:00:00,Theni,SS_THEN,TR_4790,1067,1391,234.6,183.8,47.2,4354,37.4,76
2026-06-01 02:00:00,Theni,SS_THEN,TR_8689,1569,2150,233.4,168.0,58.9,1567,38.2,72
2026-06-01 03:00:00,Theni,SS_THEN,TR_9821,1919,1692,226.8,162.2,41.7,2499,30.0,113
2026-06-01 04:00:00,Theni,SS_THEN,TR_1777,1635,2182,223.3,156.2,74.7,2581,35.4,74
2026-06-01 05:00:00,Theni,SS_THEN,TR_4957,1316,1218,223.9,155.8,64.5,3051,33.6,108
2026-06-01 06:00:00,Theni,SS_THEN,TR_2337,1058,1388,230.9,138.8,65.6,3978,30.7,76
2026-06-01 07:00:00,Theni,SS_THEN,TR_3253,930,919,232.1,170.2,50.8,1666,40.6,101
2026-06-01 08:00:00,Theni,SS_THEN,TR_4089,621,1010,238.2,244.1,69.1,1339,27.2,61
2026-06-01 09:00:00,Theni,SS_THEN,TR_6298,792,884,224.5,251.4,49.3,1442,26.2,89
2026-06-01 10:00:00,Theni,SS_THEN,TR_1327,899,1183,232.3,271.2,40.5,4640,34.0,75
2026-06-01 11:00:00,Theni,SS_THEN,TR_2751,799,1134,238.5,199.9,55.8,2671,41.8,70
2026-06-01 12:00:00,Theni,SS_THEN,TR_1586,1640,1488,230.0,190.8,81.1,4229,32.5,110
2026-06-01 13:00:00,Theni,SS_THEN,TR_5834,1064,1662,231.4,127.2,70.5,3464,35.9,64
2026-06-01 14:00:00,Theni,SS_THEN,TR_4575,562,1241,228.9,81.3,38.7,2700,26.4,45
2026-06-01 15:00:00,Theni,SS_THEN,TR_7938,985,1532,226.2,299.5,80.8,3449,35.0,64
2026-06-01 16:00:00,Theni,SS_THEN,TR_9701,1561,1476,226.4,244.9,41.8,1116,33.3,105
2026-06-01 17:00:00,Theni,SS_THEN,TR_7790,906,1963,239.1,149.5,44.1,1734,28.2,46
2026-06-01 18:00:00,Theni,SS_THEN,TR_5312,1621,1559,235.2,176.1,45.4,2445,32.9,103
2026-06-01 19:00:00,Theni,SS_THEN,TR_9707,895,878,228.2,210.8,56.8,3783,34.8,101
2026-06-01 20:00:00,Theni,SS_THEN,TR_5657,1022,1103,230.2,286.9,56.4,629,29.0,92
2026-06-01 21:00:00,Theni,SS_THEN,TR_9998,661,827,231.0,237.2,48.7,2932,36.3,79
2026-06-01 22:00:00,Theni,SS_THEN,TR_7335,1061,1438,228.0,119.4,55.7,4287,40.5,73
2026-06-01 23:00:00,Theni,SS_THEN,TR_1890,1849,2137,233.6,242.8,51.6,1847,39.1,86
2026-06-01 00:00:00,Sivagangai,SS_SIVA,TR_1663,1054,2305,222.5,114.3,78.9,2474,29.7,45
2026-06-01 01:00:00,Sivagangai,SS_SIVA,TR_3453,1142,1522,226.0,110.3,67.8,2276,27.3,75
2026-06-01 02:00:00,Sivagangai,SS_SIVA,TR_7978,1224,2071,234.6,257.2,41.3,4385,41.1,59
2026-06-01 03:00:00,Sivagangai,SS_SIVA,TR_7185,733,947,220.5,141.3,60.3,3336,40.1,77
2026-06-01 04:00:00,Sivagangai,SS_SIVA,TR_3442,1273,1283,233.2,105.4,49.7,2292,32.5,99
2026-06-01 05:00:00,Sivagangai,SS_SIVA,TR_4143,1077,1204,224.9,233.1,64.2,2450,33.8,89
2026-06-01 06:00:00,Sivagangai,SS_SIVA,TR_5989,784,1296,233.6,165.3,53.2,3192,35.1,60
2026-06-01 07:00:00,Sivagangai,SS_SIVA,TR_4199,918,1054,237.2,266.0,40.5,2031,36.8,87
2026-06-01 08:00:00,Sivagangai,SS_SIVA,TR_4544,2566,2232,224.5,141.7,57.1,2854,36.8,114
2026-06-01 09:00:00,Sivagangai,SS_SIVA,TR_1516,988,1256,230.1,275.5,74.6,1493,33.5,78
2026-06-01 10:00:00,Sivagangai,SS_SIVA,TR_3596,1079,1875,237.6,236.2,63.6,2031,27.1,57
2026-06-01 11:00:00,Sivagangai,SS_SIVA,TR_5097,2129,2295,222.4,182.4,54.4,1475,41.0,92
2026-06-01 12:00:00,Sivagangai,SS_SIVA,TR_3915,2328,2282,235.0,226.9,81.0,958,31.6,102
2026-06-01 13:00:00,Sivagangai,SS_SIVA,TR_7554,840,1493,237.6,184.4,52.1,1740,28.7,56
2026-06-01 14:00:00,Sivagangai,SS_SIVA,TR_5364,1822,1915,225.7,246.7,66.5,3478,29.3,95
2026-06-01 15:00:00,Sivagangai,SS_SIVA,TR_6813,1906,2138,227.3,239.4,66.6,1191,28.2,89
2026-06-01 16:00:00,Sivagangai,SS_SIVA,TR_8724,719,1477,231.9,296.4,61.6,2995,35.1,48
2026-06-01 17:00:00,Sivagangai,SS_SIVA,TR_8202,2157,2161,233.8,130.1,72.1,3450,29.0,99
2026-06-01 18:00:00,Sivagangai,SS_SIVA,TR_9824,1396,2292,224.7,268.9,47.1,860,37.1,60
2026-06-01 19:00:00,Sivagangai,SS_SIVA,TR_7312,792,1413,229.7,133.6,46.8,1215,25.2,56
2026-06-01 20:00:00,Sivagangai,SS_SIVA,TR_4333,551,819,220.6,216.7,66.3,4141,30.4,67
2026-06-01 21:00:00,Sivagangai,SS_SIVA,TR_9267,976,920,228.2,182.3,45.4,3119,38.8,106
2026-06-01 22:00:00,Sivagangai,SS_SIVA,TR_9225,1427,1313,224.5,148.4,43.0,1602,30.7,108
2026-06-01 23:00:00,Sivagangai,SS_SIVA,TR_5984,1180,1322,238.4,102.7,35.3,1353,39.5,89
2026-06-01 00:00:00,Ramanathapuram,SS_RAMA,TR_7333,876,1254,231.9,129.2,43.4,4817,31.0,69
2026-06-01 01:00:00,Ramanathapuram,SS_RAMA,TR_4047,1409,1600,233.3,248.7,43.3,1481,25.7,88
2026-06-01 02:00:00,Ramanathapuram,SS_RAMA,TR_4955,1895,1911,233.0,234.4,55.1,1412,34.0,99
2026-06-01 03:00:00,Ramanathapuram,SS_RAMA,TR_9706,711,1199,223.9,144.1,60.3,3768,33.3,59
2026-06-01 04:00:00,Ramanathapuram,SS_RAMA,TR_6407,1234,1633,238.4,264.8,79.0,2605,35.8,75
2026-06-01 05:00:00,Ramanathapuram,SS_RAMA,TR_8098,1638,1870,226.4,210.2,36.3,2456,25.1,87
2026-06-01 06:00:00,Ramanathapuram,SS_RAMA,TR_8663,1083,2245,230.5,215.3,44.9,2153,28.2,48
2026-06-01 07:00:00,Ramanathapuram,SS_RAMA,TR_9563,2482,2322,224.8,113.2,50.8,3933,31.8,106
2026-06-01 08:00:00,Ramanathapuram,SS_RAMA,TR_3211,1741,1515,224.6,262.7,43.0,3379,28.8,114
2026-06-01 09:00:00,Ramanathapuram,SS_RAMA,TR_5399,1837,2466,222.4,259.7,48.7,3013,34.3,74
2026-06-01 10:00:00,Ramanathapuram,SS_RAMA,TR_5946,1739,1995,221.1,117.1,43.1,4580,27.5,87
2026-06-01 11:00:00,Ramanathapuram,SS_RAMA,TR_3552,1438,1313,232.5,158.6,48.8,2808,33.6,109
2026-06-01 12:00:00,Ramanathapuram,SS_RAMA,TR_3648,994,1440,229.1,191.3,84.2,3261,33.3,69
2026-06-01 13:00:00,Ramanathapuram,SS_RAMA,TR_1952,653,1179,234.3,118.4,64.1,2074,32.1,55
2026-06-01 14:00:00,Ramanathapuram,SS_RAMA,TR_1464,1556,1411,228.3,252.5,55.8,3870,29.9,110
2026-06-01 15:00:00,Ramanathapuram,SS_RAMA,TR_1157,1767,2393,226.9,160.2,84.7,3914,34.4,73
2026-06-01 16:00:00,Ramanathapuram,SS_RAMA,TR_7203,742,825,236.6,269.6,63.2,4184,25.4,89
2026-06-01 17:00:00,Ramanathapuram,SS_RAMA,TR_7687,1144,1300,229.0,116.2,49.4,4214,33.7,88
2026-06-01 18:00:00,Ramanathapuram,SS_RAMA,TR_8529,1121,1967,232.2,245.7,81.8,874,40.7,56
2026-06-01 19:00:00,Ramanathapuram,SS_RAMA,TR_8315,869,998,221.1,191.4,66.1,3950,30.2,87
2026-06-01 20:00:00,Ramanathapuram,SS_RAMA,TR_4884,822,981,231.1,89.2,57.0,1056,40.6,83
2026-06-01 21:00:00,Ramanathapuram,SS_RAMA,TR_2620,1318,1163,223.5,128.3,58.9,1848,39.9,113
2026-06-01 22:00:00,Ramanathapuram,SS_RAMA,TR_5499,1198,2453,220.8,130.0,77.1,3709,34.6,48
2026-06-01 23:00:00,Ramanathapuram,SS_RAMA,TR_7703,1249,1856,226.6,263.7,79.8,4682,33.2,67
2026-06-01 00:00:00,Virudhunagar,SS_VIRU,TR_9047,1152,1791,233.2,99.4,58.7,3428,26.1,64
2026-06-01 01:00:00,Virudhunagar,SS_VIRU,TR_4780,529,1169,231.8,180.2,50.1,1961,41.9,45
2026-06-01 02:00:00,Virudhunagar,SS_VIRU,TR_9454,874,1625,228.3,222.7,71.7,2755,37.7,53
2026-06-01 03:00:00,Virudhunagar,SS_VIRU,TR_8934,763,1422,234.3,217.7,76.9,1993,25.8,53
2026-06-01 04:00:00,Virudhunagar,SS_VIRU,TR_2569,998,2063,223.8,80.9,60.2,4872,36.2,48
2026-06-01 05:00:00,Virudhunagar,SS_VIRU,TR_6296,1221,1698,233.5,91.9,78.3,514,25.4,71
2026-06-01 06:00:00,Virudhunagar,SS_VIRU,TR_5773,2193,2038,231.4,213.9,69.1,3845,36.5,107
2026-06-01 07:00:00,Virudhunagar,SS_VIRU,TR_1985,1074,1008,228.9,155.8,72.7,4883,34.2,106
2026-06-01 08:00:00,Virudhunagar,SS_VIRU,TR_3315,1418,2487,223.4,181.0,43.5,3384,25.9,57
2026-06-01 09:00:00,Virudhunagar,SS_VIRU,TR_2395,917,833,221.5,179.3,47.3,828,41.4,110
2026-06-01 10:00:00,Virudhunagar,SS_VIRU,TR_9197,1536,2095,229.0,162.5,36.9,2011,27.1,73
2026-06-01 11:00:00,Virudhunagar,SS_VIRU,TR_4103,676,1297,222.0,102.6,59.0,3023,32.5,52
2026-06-01 12:00:00,Virudhunagar,SS_VIRU,TR_2238,1082,2390,223.9,131.9,75.0,583,31.9,45
2026-06-01 13:00:00,Virudhunagar,SS_VIRU,TR_7845,1728,2356,232.5,120.5,40.4,3706,32.4,73
2026-06-01 14:00:00,Virudhunagar,SS_VIRU,TR_6082,1030,1883,225.9,147.3,48.1,4940,36.1,54
2026-06-01 15:00:00,Virudhunagar,SS_VIRU,TR_4751,1276,1583,222.1,260.8,59.0,1406,26.1,80
2026-06-01 16:00:00,Virudhunagar,SS_VIRU,TR_3322,1479,1461,235.0,272.7,65.1,2084,32.3,101
2026-06-01 17:00:00,Virudhunagar,SS_VIRU,TR_9909,889,1518,231.7,114.1,79.3,3428,31.3,58
2026-06-01 18:00:00,Virudhunagar,SS_VIRU,TR_1447,839,1235,237.4,281.7,59.5,2632,39.9,67
2026-06-01 19:00:00,Virudhunagar,SS_VIRU,TR_8668,2492,2425,227.6,246.4,63.9,4368,37.2,102
2026-06-01 20:00:00,Virudhunagar,SS_VIRU,TR_2599,1983,2062,239.2,146.6,84.3,1309,28.4,96
2026-06-01 21:00:00,Virudhunagar,SS_VIRU,TR_2604,762,1443,231.1,147.6,65.4,4032,30.6,52
2026-06-01 22:00:00,Virudhunagar,SS_VIRU,TR_5034,1978,1877,233.4,247.7,64.2,1768,29.1,105
2026-06-01 23:00:00,Virudhunagar,SS_VIRU,TR_8501,1574,2485,231.1,214.9,71.3,916,30.7,63
2026-06-01 00:00:00,Thoothukudi,SS_THOO,TR_1110,962,1078,240.0,144.8,44.2,4809,32.2,89
2026-06-01 01:00:00,Thoothukudi,SS_THOO,TR_9754,800,1279,232.8,155.9,54.8,2061,25.7,62
2026-06-01 02:00:00,Thoothukudi,SS_THOO,TR_9260,685,933,226.6,99.0,66.7,4332,25.7,73
2026-06-01 03:00:00,Thoothukudi,SS_THOO,TR_5799,1251,2268,232.0,282.7,56.9,1158,30.8,55
2026-06-01 04:00:00,Thoothukudi,SS_THOO,TR_7891,1737,1792,224.9,115.4,52.9,1760,36.8,96
2026-06-01 05:00:00,Thoothukudi,SS_THOO,TR_3423,1940,2118,225.5,154.7,37.1,4232,39.8,91
2026-06-01 06:00:00,Thoothukudi,SS_THOO,TR_6241,1320,2004,221.4,239.2,72.4,1073,28.5,65
2026-06-01 07:00:00,Thoothukudi,SS_THOO,TR_4732,2104,1932,233.2,223.2,80.2,3889,40.8,108
2026-06-01 08:00:00,Thoothukudi,SS_THOO,TR_6360,1384,1867,227.3,260.2,67.2,640,27.4,74
2026-06-01 09:00:00,Thoothukudi,SS_THOO,TR_5332,1005,931,239.0,174.1,74.2,4480,39.1,107
2026-06-01 10:00:00,Thoothukudi,SS_THOO,TR_3840,462,839,239.9,86.6,64.9,807,36.6,55
2026-06-01 11:00:00,Thoothukudi,SS_THOO,TR_7622,1198,1905,224.3,262.4,46.0,3747,36.8,62
2026-06-01 12:00:00,Thoothukudi,SS_THOO,TR_8049,1358,2333,224.8,251.4,39.3,1391,32.7,58
2026-06-01 13:00:00,Thoothukudi,SS_THOO,TR_2914,1237,1124,227.8,295.2,58.2,3028,32.4,110
2026-06-01 14:00:00,Thoothukudi,SS_THOO,TR_4704,1235,1848,226.5,231.3,37.0,2825,28.4,66
2026-06-01 15:00:00,Thoothukudi,SS_THOO,TR_7623,1408,1959,231.1,240.5,52.7,1159,27.8,71
2026-06-01 16:00:00,Thoothukudi,SS_THOO,TR_3038,2131,2084,225.4,250.4,51.6,3171,37.4,102
2026-06-01 17:00:00,Thoothukudi,SS_THOO,TR_4006,871,1120,239.2,112.5,52.7,640,31.5,77
2026-06-01 18:00:00,Thoothukudi,SS_THOO,TR_5404,2498,2499,220.1,285.1,67.3,4656,38.9,99
2026-06-01 19:00:00,Thoothukudi,SS_THOO,TR_2320,2656,2416,227.1,177.4,67.9,3204,32.3,109
2026-06-01 20:00:00,Thoothukudi,SS_THOO,TR_7584,732,1424,236.6,124.9,82.2,3923,27.2,51
2026-06-01 21:00:00,Thoothukudi,SS_THOO,TR_2438,1083,1064,234.8,291.3,48.5,4184,39.1,101
2026-06-01 22:00:00,Thoothukudi,SS_THOO,TR_4168,1226,1485,228.9,81.3,63.7,2811,28.0,82
2026-06-01 23:00:00,Thoothukudi,SS_THOO,TR_6542,2281,2070,223.6,222.1,44.6,2886,26.1,110
2026-06-01 00:00:00,Tirunelveli,SS_TIRU,TR_7167,996,1889,222.1,242.8,37.8,1938,38.5,52
2026-06-01 01:00:00,Tirunelveli,SS_TIRU,TR_9404,1194,2176,221.9,219.2,38.1,2832,41.1,54
2026-06-01 02:00:00,Tirunelveli,SS_TIRU,TR_2869,1982,2136,222.6,126.1,57.5,2865,42.0,92
2026-06-01 03:00:00,Tirunelveli,SS_TIRU,TR_1797,830,1774,227.0,160.6,79.2,501,40.5,46
2026-06-01 04:00:00,Tirunelveli,SS_TIRU,TR_8923,1164,2116,228.2,244.1,50.6,4623,29.0,55
2026-06-01 05:00:00,Tirunelveli,SS_TIRU,TR_5143,1303,1927,225.0,292.2,50.3,4371,25.4,67
2026-06-01 06:00:00,Tirunelveli,SS_TIRU,TR_3293,990,1739,230.1,104.8,66.3,2034,31.2,56
2026-06-01 07:00:00,Tirunelveli,SS_TIRU,TR_5288,1298,2287,235.7,210.1,40.1,2300,34.1,56
2026-06-01 08:00:00,Tirunelveli,SS_TIRU,TR_5212,643,948,222.2,295.8,43.8,2672,27.5,67
2026-06-01 09:00:00,Tirunelveli,SS_TIRU,TR_6700,956,1127,225.0,174.5,68.7,2496,29.8,84
2026-06-01 10:00:00,Tirunelveli,SS_TIRU,TR_9236,1494,2249,224.0,290.0,75.5,3784,39.3,66
2026-06-01 11:00:00,Tirunelveli,SS_TIRU,TR_8537,1124,1383,236.8,245.5,49.9,2060,35.3,81
2026-06-01 12:00:00,Tirunelveli,SS_TIRU,TR_4324,727,1615,239.2,200.9,64.9,2456,34.4,45
2026-06-01 13:00:00,Tirunelveli,SS_TIRU,TR_1490,1187,1819,232.4,227.6,57.7,4872,29.9,65
2026-06-01 14:00:00,Tirunelveli,SS_TIRU,TR_1579,1704,2452,223.5,225.7,79.0,4415,30.7,69
2026-06-01 15:00:00,Tirunelveli,SS_TIRU,TR_3637,1207,1314,238.6,160.0,40.1,1171,28.0,91
2026-06-01 16:00:00,Tirunelveli,SS_TIRU,TR_9393,1477,2371,233.2,114.4,44.7,3059,27.5,62
2026-06-01 17:00:00,Tirunelveli,SS_TIRU,TR_7165,1062,2294,237.3,151.7,41.4,2755,41.7,46
2026-06-01 18:00:00,Tirunelveli,SS_TIRU,TR_7089,1896,1814,235.0,233.6,54.2,3175,37.2,104
2026-06-01 19:00:00,Tirunelveli,SS_TIRU,TR_5034,1285,1351,231.4,144.8,59.5,4777,35.4,95
2026-06-01 20:00:00,Tirunelveli,SS_TIRU,TR_4840,1504,1499,231.7,82.1,63.5,1589,40.6,100
2026-06-01 21:00:00,Tirunelveli,SS_TIRU,TR_2621,1388,1877,229.5,197.0,38.4,3085,40.3,73
2026-06-01 22:00:00,Tirunelveli,SS_TIRU,TR_9192,1306,1567,231.1,92.7,64.9,2978,37.1,83
2026-06-01 23:00:00,Tirunelveli,SS_TIRU,TR_5070,738,1529,225.7,223.4,66.4,3698,28.9,48
2026-06-01 00:00:00,Tenkasi,SS_TENK,TR_4963,1091,1055,232.1,95.1,57.1,1748,35.9,103
2026-06-01 01:00:00,Tenkasi,SS_TENK,TR_9337,1170,1330,232.2,241.7,73.4,546,26.0,87
2026-06-01 02:00:00,Tenkasi,SS_TENK,TR_3732,1408,1891,223.6,172.6,38.6,4357,36.4,74
2026-06-01 03:00:00,Tenkasi,SS_TENK,TR_1971,628,992,221.0,203.8,54.6,3701,38.5,63
2026-06-01 04:00:00,Tenkasi,SS_TENK,TR_8054,1333,1871,232.5,130.1,64.0,4208,32.4,71
2026-06-01 05:00:00,Tenkasi,SS_TENK,TR_9863,542,938,228.9,210.0,53.0,4475,29.9,57
2026-06-01 06:00:00,Tenkasi,SS_TENK,TR_2826,2647,2433,236.0,109.3,72.3,3838,25.3,108
2026-06-01 07:00:00,Tenkasi,SS_TENK,TR_2131,1238,1511,224.2,233.1,47.9,1085,40.2,81
2026-06-01 08:00:00,Tenkasi,SS_TENK,TR_6913,1443,1398,232.3,271.1,53.1,3335,33.8,103
2026-06-01 09:00:00,Tenkasi,SS_TENK,TR_6223,1876,1733,231.6,246.0,53.5,1242,39.7,108
2026-06-01 10:00:00,Tenkasi,SS_TENK,TR_4356,965,1690,231.7,172.5,35.8,3912,28.3,57
2026-06-01 11:00:00,Tenkasi,SS_TENK,TR_1941,907,918,230.9,103.2,61.7,4514,39.5,98
2026-06-01 12:00:00,Tenkasi,SS_TENK,TR_7744,706,1080,222.5,278.1,77.7,3161,39.0,65
2026-06-01 13:00:00,Tenkasi,SS_TENK,TR_8503,461,891,235.2,198.0,55.7,784,40.4,51
2026-06-01 14:00:00,Tenkasi,SS_TENK,TR_8552,764,1559,232.3,249.9,62.5,1941,36.7,49
2026-06-01 15:00:00,Tenkasi,SS_TENK,TR_4614,1292,2471,236.5,299.3,39.9,1392,26.7,52
2026-06-01 16:00:00,Tenkasi,SS_TENK,TR_7869,1014,2049,221.4,275.5,75.0,3985,36.1,49
2026-06-01 17:00:00,Tenkasi,SS_TENK,TR_4714,1552,2298,226.0,140.6,79.3,4578,36.6,67
2026-06-01 18:00:00,Tenkasi,SS_TENK,TR_9060,1175,2102,239.0,214.8,68.4,792,31.5,55
2026-06-01 19:00:00,Tenkasi,SS_TENK,TR_1269,2244,2353,235.8,277.3,69.0,3381,26.1,95
2026-06-01 20:00:00,Tenkasi,SS_TENK,TR_2648,898,804,239.4,292.8,36.8,3910,37.9,111
2026-06-01 21:00:00,Tenkasi,SS_TENK,TR_2757,1416,1450,232.2,111.4,59.7,886,29.1,97
2026-06-01 22:00:00,Tenkasi,SS_TENK,TR_1478,419,830,238.2,243.8,81.6,4198,32.0,50
2026-06-01 23:00:00,Tenkasi,SS_TENK,TR_8527,1120,1598,227.0,244.2,75.1,3273,39.9,70
2026-06-01 00:00:00,Kanniyakumari,SS_KANN,TR_3184,1827,2231,224.5,88.3,70.4,3505,37.3,81
2026-06-01 01:00:00,Kanniyakumari,SS_KANN,TR_4445,886,1733,239.9,182.3,78.3,4979,29.1,51
2026-06-01 02:00:00,Kanniyakumari,SS_KANN,TR_7637,1015,953,236.3,258.6,58.2,3913,36.7,106
2026-06-01 03:00:00,Kanniyakumari,SS_KANN,TR_2533,1190,2193,235.4,217.6,61.0,1013,40.4,54
2026-06-01 04:00:00,Kanniyakumari,SS_KANN,TR_6935,1223,1682,228.3,213.2,73.0,3811,33.6,72
2026-06-01 05:00:00,Kanniyakumari,SS_KANN,TR_8909,1686,1759,236.6,93.8,72.7,3673,33.7,95
2026-06-01 06:00:00,Kanniyakumari,SS_KANN,TR_1672,1964,2123,234.3,195.2,74.7,1619,28.4,92
2026-06-01 07:00:00,Kanniyakumari,SS_KANN,TR_3827,911,1310,233.9,266.0,71.0,2345,28.0,69
2026-06-01 08:00:00,Kanniyakumari,SS_KANN,TR_4295,881,1571,233.7,134.6,61.3,2830,36.4,56
2026-06-01 09:00:00,Kanniyakumari,SS_KANN,TR_8405,1413,2146,233.1,200.9,39.8,1997,39.9,65
2026-06-01 10:00:00,Kanniyakumari,SS_KANN,TR_5613,1802,2307,224.0,162.9,51.6,3256,34.6,78
2026-06-01 11:00:00,Kanniyakumari,SS_KANN,TR_1948,974,1260,238.8,128.3,40.0,4501,38.4,77
2026-06-01 12:00:00,Kanniyakumari,SS_KANN,TR_9952,2062,1956,220.5,135.3,37.2,3303,34.9,105
2026-06-01 13:00:00,Kanniyakumari,SS_KANN,TR_5014,1777,2195,225.0,212.4,36.5,2995,36.0,80
2026-06-01 14:00:00,Kanniyakumari,SS_KANN,TR_7609,1822,1979,226.6,261.8,70.8,1058,28.3,92
2026-06-01 15:00:00,Kanniyakumari,SS_KANN,TR_6020,912,1018,222.4,114.1,43.3,1802,33.1,89
2026-06-01 16:00:00,Kanniyakumari,SS_KANN,TR_6465,990,1727,234.2,141.8,50.6,1464,38.3,57
2026-06-01 17:00:00,Kanniyakumari,SS_KANN,TR_4215,1322,1179,220.8,137.3,42.9,2716,39.3,112
2026-06-01 18:00:00,Kanniyakumari,SS_KANN,TR_1763,2740,2433,231.8,193.9,77.4,2882,38.2,112
2026-06-01 19:00:00,Kanniyakumari,SS_KANN,TR_2279,449,846,230.6,93.4,76.7,4283,25.5,53
2026-06-01 20:00:00,Kanniyakumari,SS_KANN,TR_2245,2010,1994,229.3,273.9,66.8,1114,30.0,100
2026-06-01 21:00:00,Kanniyakumari,SS_KANN,TR_7473,1010,1859,222.1,196.4,48.6,4825,29.5,54
2026-06-01 22:00:00,Kanniyakumari,SS_KANN,TR_6350,1762,1748,235.5,271.1,49.6,2898,25.2,100
2026-06-01 23:00:00,Kanniyakumari,SS_KANN,TR_8396,1547,1591,231.2,117.2,76.0,1860,38.9,97
